window_id,window_start,mmsi,lat,lon,n_pings,mean_speed,speed_change,course_change,gap_minutes,neighbor_count
0,2026-03-01 00:00:00+00:00,200000001,12.949515333333332,44.01146393333333,15,9.966000000000001,0.40000000000000036,4.800000000000011,2.0,0
0,2026-03-01 00:00:00+00:00,200000002,12.8515592,45.7616102,15,13.968666666666667,0.5899999999999999,6.300000000000011,2.0,0
0,2026-03-01 00:00:00+00:00,200000003,13.001706066666666,44.79757673333334,15,12.301333333333334,0.4900000000000002,5.200000000000003,2.0,0
0,2026-03-01 00:00:00+00:00,200000004,12.482164933333333,45.93670886666666,15,9.996,0.5800000000000001,5.600000000000023,2.0,2
0,2026-03-01 00:00:00+00:00,200000005,12.4746712,45.9785646,15,14.092,0.5499999999999989,5.200000000000003,2.0,3
0,2026-03-01 00:00:00+00:00,200000006,13.083998533333332,44.5815916,15,9.847333333333333,0.3699999999999992,4.799999999999997,2.0,0
0,2026-03-01 00:00:00+00:00,200000007,13.026974933333333,45.222000533333336,15,13.670666666666667,0.40000000000000036,4.599999999999966,2.0,0
0,2026-03-01 00:00:00+00:00,200000008,13.106305266666668,45.74815253333334,15,15.385333333333334,0.4299999999999997,6.400000000000006,2.0,1
0,2026-03-01 00:00:00+00:00,200000009,12.2403238,44.06948446666667,15,12.348666666666666,0.34999999999999964,7.5,2.0,0
0,2026-03-01 00:00:00+00:00,200000010,12.268666999999999,45.21894973333333,15,9.672666666666666,0.3800000000000008,6.299999999999997,2.0,0
0,2026-03-01 00:00:00+00:00,200000011,13.452273866666667,44.2278228,15,14.369333333333334,0.4399999999999995,5.5,2.0,0
0,2026-03-01 00:00:00+00:00,200000012,12.712924133333333,44.82363846666667,15,12.288,0.3000000000000007,7.699999999999989,2.0,0
0,2026-03-01 00:00:00+00:00,200000013,12.537850466666667,45.322669733333335,15,12.257333333333333,0.3800000000000008,8.599999999999994,2.0,0
0,2026-03-01 00:00:00+00:00,200000014,13.1430034,45.37945846666666,15,11.274666666666667,0.33999999999999986,5.0,2.0,0
0,2026-03-01 00:00:00+00:00,200000015,12.813958066666666,44.438044266666665,15,15.71,0.3000000000000007,4.800000000000011,2.0,0
0,2026-03-01 00:00:00+00:00,200000016,12.3356494,45.3990818,15,10.036666666666667,0.3899999999999988,10.299999999999997,2.0,0
0,2026-03-01 00:00:00+00:00,200000017,12.391156866666668,45.6885864,15,11.44,0.34000000000000163,5.099999999999994,2.0,0
0,2026-03-01 00:00:00+00:00,200000018,12.605704666666666,44.4506404,15,9.192666666666666,0.3099999999999987,5.699999999999989,2.0,0
0,2026-03-01 00:00:00+00:00,200000019,13.039575000000001,45.7832536,15,13.693333333333333,0.370000000000001,7.0,2.0,1
0,2026-03-01 00:00:00+00:00,200000020,12.722032133333332,44.321108800000005,15,13.072666666666667,0.5300000000000011,3.200000000000003,2.0,0
0,2026-03-01 00:00:00+00:00,200000021,12.124172533333333,44.658726933333334,15,13.521333333333333,0.28999999999999915,4.500000000000028,2.0,0
0,2026-03-01 00:00:00+00:00,200000022,12.863268066666667,45.104124133333336,15,15.196,0.35999999999999943,5.699999999999989,2.0,1
0,2026-03-01 00:00:00+00:00,200000023,13.058012666666666,44.92476813333334,15,15.070666666666666,0.3200000000000003,8.799999999999997,2.0,0
0,2026-03-01 00:00:00+00:00,200000024,12.6278576,45.41815213333334,15,12.28,0.4800000000000004,8.400000000000034,2.0,0
0,2026-03-01 00:00:00+00:00,200000025,12.338879666666665,44.085952733333336,15,10.285333333333334,0.5199999999999996,5.299999999999997,2.0,0
0,2026-03-01 00:00:00+00:00,200000026,12.297438333333334,44.574395200000005,15,14.006666666666666,0.34999999999999964,3.6999999999999886,2.0,0
0,2026-03-01 00:00:00+00:00,200000027,13.203359133333333,44.216197333333334,15,11.378666666666668,0.4299999999999997,3.799999999999997,2.0,0
0,2026-03-01 00:00:00+00:00,200000028,12.848095266666666,45.1129552,15,14.148666666666665,0.5900000000000016,5.199999999999989,2.0,1
0,2026-03-01 00:00:00+00:00,200000029,12.189140666666667,45.017562,15,15.587333333333333,0.29999999999999893,5.6000000000000085,2.0,0
0,2026-03-01 00:00:00+00:00,200000030,12.0905664,45.256845399999996,15,11.738666666666667,0.3999999999999986,7.0,2.0,0
0,2026-03-01 00:00:00+00:00,200000031,12.3888912,46.00101153333333,15,13.074666666666667,0.40999999999999837,6.6000000000000085,2.0,1
0,2026-03-01 00:00:00+00:00,200000032,12.852041133333334,44.583341866666665,15,10.644666666666666,0.41000000000000014,7.599999999999994,2.0,0
0,2026-03-01 00:00:00+00:00,200000033,13.048200066666668,44.686826933333336,15,11.608,0.33999999999999986,7.199999999999989,2.0,0
0,2026-03-01 00:00:00+00:00,200000034,12.192825133333335,44.18441646666667,15,11.737333333333334,0.4400000000000013,4.5,2.0,0
0,2026-03-01 00:00:00+00:00,200000035,12.542659533333333,45.69860993333334,15,10.402666666666667,0.5800000000000001,7.3999999999999915,2.0,0
0,2026-03-01 00:00:00+00:00,200000036,12.834253866666668,44.307940466666665,15,10.076666666666666,0.41000000000000014,8.5,2.0,0
0,2026-03-01 00:00:00+00:00,200000037,12.7641208,45.632751666666664,15,15.477333333333332,0.22000000000000064,6.2999999999999545,2.0,0
0,2026-03-01 00:00:00+00:00,200000038,12.482099933333334,45.941591,15,20.325333333333333,0.4800000000000004,4.800000000000011,2.0,2
0,2026-03-01 00:00:00+00:00,200000039,13.280486999999999,44.96578493333333,15,20.30666666666667,0.4700000000000024,5.5,2.0,0
0,2026-03-01 00:00:00+00:00,200000040,13.107870600000002,45.641648933333336,15,11.364,8.030000000000001,63.400000000000006,2.0,0
1,2026-03-01 00:30:00+00:00,200000001,12.9267016,43.929465,15,9.984666666666667,0.47999999999999865,7.400000000000006,2.0,0
1,2026-03-01 00:30:00+00:00,200000002,12.8259134,45.644875,15,14.029333333333334,0.5700000000000003,6.399999999999977,2.0,0
1,2026-03-01 00:30:00+00:00,200000003,13.006394733333334,44.902731,15,12.377999999999998,0.5500000000000007,6.400000000000006,2.0,0
1,2026-03-01 00:30:00+00:00,200000004,12.494023733333334,45.85302586666667,15,9.958,0.4399999999999995,6.599999999999966,2.0,0
1,2026-03-01 00:30:00+00:00,200000005,12.4830822,46.09757653333334,15,13.954666666666666,0.41999999999999993,3.799999999999997,2.0,1
1,2026-03-01 00:30:00+00:00,200000006,13.087543266666668,44.6655952,15,9.757333333333333,0.20000000000000107,8.0,2.0,0
1,2026-03-01 00:30:00+00:00,200000007,13.026428066666666,45.104865933333336,15,13.656666666666666,0.2699999999999996,6.399999999999977,2.0,1
1,2026-03-01 00:30:00+00:00,200000008,13.077794133333333,45.62028573333334,15,15.352666666666666,0.35999999999999943,6.999999999999972,2.0,1
1,2026-03-01 00:30:00+00:00,200000009,12.254093066666666,44.1732284,15,12.328,0.3699999999999992,5.400000000000006,2.0,0
1,2026-03-01 00:30:00+00:00,200000010,12.2737422,45.300855,15,9.666,0.3699999999999992,6.5,2.0,0
1,2026-03-01 00:30:00+00:00,200000011,13.492876333333333,44.343288066666666,15,14.362666666666666,0.3800000000000008,3.6999999999999886,2.0,0
1,2026-03-01 00:30:00+00:00,200000012,12.692962066666666,44.72042273333333,15,12.259333333333332,0.33999999999999986,4.900000000000034,2.0,0
1,2026-03-01 00:30:00+00:00,200000013,12.497011333333335,45.226661666666665,15,12.209333333333332,0.34999999999999964,3.4000000000000057,2.0,0
1,2026-03-01 00:30:00+00:00,200000014,13.148570733333335,45.47568926666667,15,11.279333333333334,0.3500000000000014,8.400000000000006,2.0,0
1,2026-03-01 00:30:00+00:00,200000015,12.826815266666667,44.57168826666667,15,15.712666666666667,0.5500000000000007,5.200000000000003,2.0,1
1,2026-03-01 00:30:00+00:00,200000016,12.3495458,45.483279,15,10.033999999999999,0.41999999999999993,5.400000000000006,2.0,0
1,2026-03-01 00:30:00+00:00,200000017,12.426254266666666,45.77916173333333,15,11.42,0.45000000000000107,7.400000000000006,2.0,0
1,2026-03-01 00:30:00+00:00,200000018,12.5663438,44.383444266666665,15,9.249333333333334,0.40000000000000036,5.399999999999977,2.0,0
1,2026-03-01 00:30:00+00:00,200000019,13.0387196,45.90042206666667,15,13.644666666666666,0.3699999999999992,6.099999999999994,2.0,0
1,2026-03-01 00:30:00+00:00,200000020,12.730735533333334,44.43273606666666,15,13.148,0.5699999999999985,6.0,2.0,0
1,2026-03-01 00:30:00+00:00,200000021,12.087549133333335,44.55006993333333,15,13.436666666666667,0.5200000000000014,4.899999999999977,2.0,0
1,2026-03-01 00:30:00+00:00,200000022,12.8324348,44.97851126666667,15,15.246,0.27999999999999936,5.299999999999983,2.0,0
1,2026-03-01 00:30:00+00:00,200000023,13.0794272,45.05135233333333,15,15.058666666666666,0.4499999999999993,10.599999999999994,2.0,1
1,2026-03-01 00:30:00+00:00,200000024,12.625978866666665,45.31369253333333,15,12.204,0.5199999999999996,5.2999999999999545,2.0,0
1,2026-03-01 00:30:00+00:00,200000025,12.374412733333335,44.165534666666666,15,10.257333333333333,0.5600000000000005,4.0,2.0,0
1,2026-03-01 00:30:00+00:00,200000026,12.2639876,44.4600412,15,13.982,0.4900000000000002,6.499999999999972,2.0,0
1,2026-03-01 00:30:00+00:00,200000027,13.236813533333333,44.307236,15,11.398,0.3200000000000003,6.3999999999999915,2.0,0
1,2026-03-01 00:30:00+00:00,200000028,12.876793999999999,45.230029599999995,15,14.108666666666666,0.28000000000000114,6.599999999999994,2.0,0
1,2026-03-01 00:30:00+00:00,200000029,12.196733133333334,45.1496748,15,15.579333333333333,0.5,9.100000000000009,2.0,0
1,2026-03-01 00:30:00+00:00,200000030,12.107184266666668,45.35486246666667,15,11.606666666666666,0.3099999999999987,5.799999999999997,2.0,0
1,2026-03-01 00:30:00+00:00,200000031,12.420537066666666,46.10749740000001,15,13.011333333333333,0.40000000000000036,6.099999999999994,2.0,1
1,2026-03-01 00:30:00+00:00,200000032,12.826208066666668,44.496872466666666,15,10.606666666666666,0.620000000000001,6.0,2.0,1
1,2026-03-01 00:30:00+00:00,200000033,13.026243599999999,44.590100066666665,15,11.609333333333332,0.5600000000000005,5.600000000000023,2.0,0
1,2026-03-01 00:30:00+00:00,200000034,12.175890266666666,44.085917933333334,15,11.768666666666666,0.4900000000000002,4.300000000000011,2.0,0
1,2026-03-01 00:30:00+00:00,200000035,12.570429466666667,45.7828172,15,10.487333333333334,0.3699999999999992,5.200000000000003,2.0,1
1,2026-03-01 00:30:00+00:00,200000036,12.8695874,44.38516713333333,15,10.040666666666668,0.3699999999999992,6.099999999999994,2.0,0
1,2026-03-01 00:30:00+00:00,200000037,12.759589866666666,45.500344733333336,15,15.548666666666666,0.3000000000000007,5.600000000000023,2.0,0
1,2026-03-01 00:30:00+00:00,200000038,12.590970933333333,45.808526799999996,15,20.34733333333333,0.36999999999999744,4.599999999999966,2.0,1
1,2026-03-01 00:30:00+00:00,200000039,13.171616066666667,45.098849,15,20.317333333333334,0.379999999999999,6.699999999999989,2.0,0
1,2026-03-01 00:30:00+00:00,200000040,13.094542999999998,45.61771733333333,15,9.045333333333334,9.030000000000001,51.30000000000001,2.0,1
2,2026-03-01 01:00:00+00:00,200000001,12.909587866666667,43.8461298,15,9.963333333333333,0.2699999999999996,8.399999999999977,2.0,0
2,2026-03-01 01:00:00+00:00,200000002,12.7998502,45.5282694,15,13.981333333333334,0.3800000000000008,6.699999999999989,2.0,0
2,2026-03-01 01:00:00+00:00,200000003,13.0088644,45.00791533333334,15,12.288666666666666,0.4399999999999995,5.0,2.0,1
2,2026-03-01 01:00:00+00:00,200000004,12.500531,45.76893806666667,15,9.916666666666666,0.33000000000000007,5.300000000000011,2.0,0
2,2026-03-01 01:00:00+00:00,200000005,12.497058399999998,46.21602966666667,15,13.982,0.4499999999999993,4.8999999999999915,2.0,1
2,2026-03-01 01:00:00+00:00,200000006,13.086671333333333,44.749687,15,9.835333333333333,0.5,4.8999999999999915,2.0,0
2,2026-03-01 01:00:00+00:00,200000007,13.028017533333333,44.9877556,15,13.716666666666667,0.35999999999999943,5.300000000000011,2.0,1
2,2026-03-01 01:00:00+00:00,200000008,13.052502266666666,45.49170913333333,15,15.360666666666667,0.35999999999999943,7.099999999999966,2.0,1
2,2026-03-01 01:00:00+00:00,200000009,12.274107466666667,44.2759316,15,12.286666666666667,0.4400000000000013,9.599999999999994,2.0,1
2,2026-03-01 01:00:00+00:00,200000010,12.275354599999998,45.38288166666667,15,9.628666666666668,0.5600000000000005,4.900000000000006,2.0,0
2,2026-03-01 01:00:00+00:00,200000011,13.525687533333333,44.46133053333333,15,14.331333333333333,0.4399999999999995,5.299999999999997,2.0,0
2,2026-03-01 01:00:00+00:00,200000012,12.661230466666666,44.62034573333334,15,12.307333333333334,0.4200000000000017,3.3000000000000114,2.0,0
2,2026-03-01 01:00:00+00:00,200000013,12.450301466666668,45.133411466666665,15,12.247333333333334,0.46000000000000085,5.099999999999994,2.0,0
2,2026-03-01 01:00:00+00:00,200000014,13.156341533333334,45.571764333333334,15,11.302,0.22000000000000064,5.299999999999997,2.0,1
2,2026-03-01 01:00:00+00:00,200000015,12.829337733333334,44.706026533333336,15,15.783333333333333,0.33000000000000007,5.5,2.0,0
2,2026-03-01 01:00:00+00:00,200000016,12.371306933333333,45.565507466666666,15,10.063333333333333,0.5200000000000014,6.0,2.0,0
2,2026-03-01 01:00:00+00:00,200000017,12.462639466666667,45.86922833333333,15,11.413333333333332,0.4499999999999993,5.5,2.0,0
2,2026-03-01 01:00:00+00:00,200000018,12.530834,44.31412606666667,15,9.176666666666668,0.41999999999999993,4.700000000000017,2.0,0
2,2026-03-01 01:00:00+00:00,200000019,13.0382172,46.017361199999996,15,13.710666666666667,0.41999999999999993,8.299999999999997,2.0,0
2,2026-03-01 01:00:00+00:00,200000020,12.730045733333332,44.544720399999996,15,13.134666666666668,0.3899999999999988,3.799999999999997,2.0,0
2,2026-03-01 01:00:00+00:00,200000021,12.050889066666667,44.441444866666664,15,13.511333333333333,0.4800000000000004,5.0,2.0,0
2,2026-03-01 01:00:00+00:00,200000022,12.801051266666667,44.8530694,15,15.244,0.47999999999999865,7.199999999999989,2.0,0
2,2026-03-01 01:00:00+00:00,200000023,13.124730733333333,45.170838466666666,15,15.090666666666666,0.5400000000000009,9.300000000000004,2.0,1
2,2026-03-01 01:00:00+00:00,200000024,12.626144933333334,45.2092596,15,12.222666666666667,0.3200000000000003,7.0,2.0,0
2,2026-03-01 01:00:00+00:00,200000025,12.415221733333334,44.242381466666664,15,10.252666666666666,0.2900000000000009,5.0,2.0,0
2,2026-03-01 01:00:00+00:00,200000026,12.2370616,44.3439512,15,13.968,0.3600000000000012,9.0,2.0,1
2,2026-03-01 01:00:00+00:00,200000027,13.279465533333333,44.3942784,15,11.384666666666668,0.3000000000000007,9.800000000000004,2.0,0
2,2026-03-01 01:00:00+00:00,200000028,12.9112748,45.345483933333334,15,14.142666666666665,0.5099999999999998,4.5,2.0,0
2,2026-03-01 01:00:00+00:00,200000029,12.1940376,45.28227206666667,15,15.614,0.379999999999999,6.8999999999999915,2.0,0
2,2026-03-01 01:00:00+00:00,200000030,12.115818999999998,45.4538526,15,11.683333333333334,0.370000000000001,4.8999999999999915,2.0,0
2,2026-03-01 01:00:00+00:00,200000031,12.459785666666667,46.21124713333334,15,13.042,0.6100000000000012,4.299999999999997,2.0,1
2,2026-03-01 01:00:00+00:00,200000032,12.798872533333334,44.41085393333333,15,10.582666666666666,0.4599999999999991,5.799999999999983,2.0,0
2,2026-03-01 01:00:00+00:00,200000033,13.006235333333334,44.49296753333333,15,11.685333333333334,0.6899999999999995,4.900000000000034,2.0,0
2,2026-03-01 01:00:00+00:00,200000034,12.177037266666668,43.986058400000005,15,11.748666666666667,0.4399999999999995,7.2999999999999545,2.0,0
2,2026-03-01 01:00:00+00:00,200000035,12.611003666666667,45.861364,15,10.473333333333333,0.4400000000000013,5.5,2.0,0
2,2026-03-01 01:00:00+00:00,200000036,12.912062133333333,44.458633666666664,15,9.986666666666668,0.6099999999999994,4.799999999999997,2.0,0
2,2026-03-01 01:00:00+00:00,200000037,12.739789866666666,45.369506933333334,15,15.554666666666666,0.40000000000000036,6.700000000000017,2.0,0
2,2026-03-01 01:00:00+00:00,200000038,12.699841866666667,45.675462,15,20.288,0.36999999999999744,2.1999999999999886,2.0,0
2,2026-03-01 01:00:00+00:00,200000039,13.062745066666668,45.231913999999996,15,20.28933333333333,0.370000000000001,7.200000000000003,2.0,1
2,2026-03-01 01:00:00+00:00,200000040,13.079438533333333,45.563656599999995,15,12.520000000000001,7.15,48.30000000000001,2.0,2
3,2026-03-01 01:30:00+00:00,200000001,12.891929933333333,43.762833066666666,15,10.042666666666666,0.47000000000000064,4.600000000000023,2.0,0
3,2026-03-01 01:30:00+00:00,200000002,12.780144,45.41041166666666,15,14.002666666666666,0.41000000000000014,7.0,2.0,0
3,2026-03-01 01:30:00+00:00,200000003,13.018148,45.112811666666666,15,12.281333333333333,0.3100000000000005,5.400000000000006,2.0,0
3,2026-03-01 01:30:00+00:00,200000004,12.49319,45.6847404,15,9.926666666666668,0.40000000000000036,5.100000000000023,2.0,0
3,2026-03-01 01:30:00+00:00,200000005,12.515624066666668,46.333892666666664,15,14.006666666666666,0.48999999999999844,9.399999999999991,2.0,1
3,2026-03-01 01:30:00+00:00,200000006,13.0829676,44.833694599999994,15,9.813333333333333,0.6100000000000012,7.5,2.0,1
3,2026-03-01 01:30:00+00:00,200000007,13.034766866666667,44.8708066,15,13.692666666666668,0.3500000000000014,5.300000000000011,2.0,1
3,2026-03-01 01:30:00+00:00,200000008,13.021715866666666,45.36442013333333,15,15.308,0.33000000000000007,5.599999999999994,2.0,1
3,2026-03-01 01:30:00+00:00,200000009,12.2978234,44.3778158,15,12.219333333333333,0.4399999999999995,5.699999999999989,2.0,0
3,2026-03-01 01:30:00+00:00,200000010,12.277243266666666,45.4649346,15,9.600666666666665,0.35999999999999943,3.799999999999997,2.0,0
3,2026-03-01 01:30:00+00:00,200000011,13.549678333333333,44.5817628,15,14.312000000000001,0.2900000000000009,4.200000000000003,2.0,0
3,2026-03-01 01:30:00+00:00,200000012,12.6255088,44.52167533333333,15,12.314,0.41999999999999993,8.100000000000023,2.0,0
3,2026-03-01 01:30:00+00:00,200000013,12.403078533333334,45.0405634,15,12.226666666666667,0.39000000000000057,6.200000000000017,2.0,0
3,2026-03-01 01:30:00+00:00,200000014,13.164945266666667,45.66777726666667,15,11.266666666666667,0.3699999999999992,4.199999999999989,2.0,0
3,2026-03-01 01:30:00+00:00,200000015,12.825529266666667,44.84039526666666,15,15.761333333333335,0.33000000000000007,4.5,2.0,0
3,2026-03-01 01:30:00+00:00,200000016,12.404812399999999,45.64374093333333,15,9.981333333333334,0.6999999999999993,5.199999999999996,2.0,0
3,2026-03-01 01:30:00+00:00,200000017,12.492529066666666,45.961655400000005,15,11.498666666666667,0.6400000000000006,6.199999999999989,2.0,0
3,2026-03-01 01:30:00+00:00,200000018,12.495084266666668,44.24500333333334,15,9.114666666666666,0.34999999999999964,8.0,2.0,1
3,2026-03-01 01:30:00+00:00,200000019,13.051674666666667,46.1338678,15,13.684666666666667,0.379999999999999,4.299999999999997,2.0,0
3,2026-03-01 01:30:00+00:00,200000020,12.712884533333332,44.65524213333333,15,13.106666666666666,0.3699999999999992,5.300000000000011,2.0,0
3,2026-03-01 01:30:00+00:00,200000021,12.021207533333333,44.33067106666667,15,13.559333333333335,0.47000000000000064,5.099999999999994,2.0,0
3,2026-03-01 01:30:00+00:00,200000022,12.779280333333332,44.725431666666665,15,15.170666666666667,0.5099999999999998,5.699999999999989,2.0,0
3,2026-03-01 01:30:00+00:00,200000023,13.192472400000002,45.279009200000004,15,15.025333333333332,0.3699999999999992,6.599999999999994,2.0,0
3,2026-03-01 01:30:00+00:00,200000024,12.626853666666667,45.10486806666667,15,12.219333333333333,0.4599999999999991,7.099999999999966,2.0,0
3,2026-03-01 01:30:00+00:00,200000025,12.451577266666668,44.321552133333334,15,10.278,0.3600000000000012,6.700000000000003,2.0,1
3,2026-03-01 01:30:00+00:00,200000026,12.214882533333334,44.226773200000004,15,13.929333333333334,0.4299999999999997,4.299999999999983,2.0,0
3,2026-03-01 01:30:00+00:00,200000027,13.321327933333333,44.4817236,15,11.402666666666667,0.4900000000000002,9.099999999999994,2.0,0
3,2026-03-01 01:30:00+00:00,200000028,12.943940466666668,45.461468933333336,15,14.097333333333333,0.25,6.599999999999994,2.0,0
3,2026-03-01 01:30:00+00:00,200000029,12.193409666666666,45.414765800000005,15,15.524666666666667,0.4800000000000004,6.099999999999994,2.0,0
3,2026-03-01 01:30:00+00:00,200000030,12.1200532,45.55324893333333,15,11.719333333333333,0.5800000000000001,9.099999999999994,2.0,0
3,2026-03-01 01:30:00+00:00,200000031,12.504401733333333,46.312827999999996,15,13.060666666666666,0.370000000000001,3.4000000000000057,2.0,1
3,2026-03-01 01:30:00+00:00,200000032,12.7690504,44.325742999999996,15,10.575333333333333,0.5299999999999994,7.000000000000028,2.0,0
3,2026-03-01 01:30:00+00:00,200000033,12.991015333333333,44.3949004,15,11.639999999999999,0.5899999999999999,5.899999999999977,2.0,0
3,2026-03-01 01:30:00+00:00,200000034,12.182450733333333,43.88610066666667,15,11.768,0.35999999999999943,5.900000000000034,2.0,0
3,2026-03-01 01:30:00+00:00,200000035,12.659608666666665,45.935070200000006,15,10.481333333333334,0.29999999999999893,7.0,2.0,0
3,2026-03-01 01:30:00+00:00,200000036,12.9584992,44.529544800000004,15,10.004,0.5,5.399999999999999,2.0,0
3,2026-03-01 01:30:00+00:00,200000037,12.712407066666666,45.239946,15,15.526666666666667,0.5,5.500000000000028,2.0,0
3,2026-03-01 01:30:00+00:00,200000038,12.808712866666667,45.54239773333334,15,20.319333333333336,0.4399999999999977,4.099999999999966,2.0,0
3,2026-03-01 01:30:00+00:00,200000039,12.953874133333333,45.364977999999994,15,20.281333333333336,0.2699999999999996,3.700000000000017,2.0,1
3,2026-03-01 01:30:00+00:00,200000040,13.0948382,45.525101533333334,15,10.53,5.809999999999999,55.79999999999998,2.0,0
4,2026-03-01 02:00:00+00:00,200000001,12.872532266666667,43.679925000000004,15,10.021333333333333,0.4499999999999993,8.000000000000028,2.0,0
4,2026-03-01 02:00:00+00:00,200000002,12.755780600000001,45.293493,15,13.973999999999998,0.47000000000000064,7.099999999999994,2.0,0
4,2026-03-01 02:00:00+00:00,200000003,13.026441533333333,45.2178096,15,12.348666666666666,0.2599999999999998,6.1000000000000085,2.0,1
4,2026-03-01 02:00:00+00:00,200000004,12.488209866666667,45.60031746666667,15,9.932666666666668,0.39000000000000057,8.0,2.0,0
4,2026-03-01 02:00:00+00:00,200000005,12.533147666666668,46.4518826,15,14.004,0.5500000000000007,3.8999999999999915,2.0,1
4,2026-03-01 02:00:00+00:00,200000006,13.083129866666667,44.91779446666667,15,9.808666666666666,0.5099999999999998,4.0,2.0,0
4,2026-03-01 02:00:00+00:00,200000007,13.049086533333334,44.7546022,15,13.660666666666666,0.4499999999999993,6.400000000000034,2.0,0
4,2026-03-01 02:00:00+00:00,200000008,12.985885266666665,45.2387358,15,15.326666666666666,0.3200000000000003,4.300000000000011,2.0,1
4,2026-03-01 02:00:00+00:00,200000009,12.311903733333335,44.48126293333333,15,12.357333333333335,0.3100000000000005,4.900000000000006,2.0,0
4,2026-03-01 02:00:00+00:00,200000010,12.276094133333334,45.547015933333334,15,9.618666666666666,0.3200000000000003,5.200000000000003,2.0,1
4,2026-03-01 02:00:00+00:00,200000011,13.570819733333334,44.7027496,15,14.326666666666666,0.4900000000000002,4.3999999999999915,2.0,0
4,2026-03-01 02:00:00+00:00,200000012,12.591362066666667,44.42249626666667,15,12.358666666666666,0.35999999999999943,7.599999999999994,2.0,0
4,2026-03-01 02:00:00+00:00,200000013,12.351846933333333,44.950072666666664,15,12.339333333333334,0.2900000000000009,8.0,2.0,0
4,2026-03-01 02:00:00+00:00,200000014,13.162269866666666,45.7640964,15,11.288,0.47000000000000064,6.1000000000000085,2.0,0
4,2026-03-01 02:00:00+00:00,200000015,12.816362466666668,44.9743806,15,15.755333333333333,0.5599999999999987,5.799999999999997,2.0,0
4,2026-03-01 02:00:00+00:00,200000016,12.437728600000002,45.7222412,15,9.979333333333333,0.6199999999999992,6.200000000000003,2.0,0
4,2026-03-01 02:00:00+00:00,200000017,12.514820266666668,46.056479933333335,15,11.389333333333333,0.35999999999999943,4.299999999999997,2.0,0
4,2026-03-01 02:00:00+00:00,200000018,12.460404866666666,44.17529253333334,15,9.178666666666667,0.3899999999999988,3.4000000000000057,2.0,0
4,2026-03-01 02:00:00+00:00,200000019,13.060483466666666,46.250720933333334,15,13.778666666666668,0.5299999999999994,6.200000000000003,2.0,0
4,2026-03-01 02:00:00+00:00,200000020,12.692661533333334,44.76536546666667,15,13.129999999999999,0.4399999999999995,10.299999999999997,2.0,0
4,2026-03-01 02:00:00+00:00,200000021,11.999198133333334,44.2181786,15,13.605333333333332,0.5199999999999996,11.799999999999983,2.0,0
4,2026-03-01 02:00:00+00:00,200000022,12.7601392,44.59735526666667,15,15.241333333333333,0.3000000000000007,4.899999999999977,2.0,0
4,2026-03-01 02:00:00+00:00,200000023,13.261941133333332,45.38614486666667,15,14.994,0.3800000000000008,8.899999999999999,2.0,0
4,2026-03-01 02:00:00+00:00,200000024,12.630612533333334,45.00071033333334,15,12.222666666666667,0.2900000000000009,5.2000000000000455,2.0,0
4,2026-03-01 02:00:00+00:00,200000025,12.487444933333334,44.401065466666665,15,10.282,0.21999999999999886,5.599999999999994,2.0,0
4,2026-03-01 02:00:00+00:00,200000026,12.190365266666667,44.1101338,15,14.104000000000001,0.5299999999999994,3.8999999999999773,2.0,0
4,2026-03-01 02:00:00+00:00,200000027,13.360293,44.570524,15,11.389999999999999,0.5599999999999987,7.900000000000006,2.0,0
4,2026-03-01 02:00:00+00:00,200000028,12.986045666666666,45.573897,15,14.126666666666667,0.41000000000000014,8.0,2.0,1
4,2026-03-01 02:00:00+00:00,200000029,12.202292933333332,45.546974066666664,15,15.541333333333334,0.5300000000000011,5.0,2.0,1
4,2026-03-01 02:00:00+00:00,200000030,12.128707866666668,45.65235773333333,15,11.777999999999999,0.4800000000000004,4.900000000000006,2.0,0
4,2026-03-01 02:00:00+00:00,200000031,12.547589466666667,46.41509533333333,15,13.056000000000001,0.5200000000000014,5.299999999999997,2.0,1
4,2026-03-01 02:00:00+00:00,200000032,12.741178066666667,44.23997226666667,15,10.625333333333334,0.47000000000000064,4.599999999999994,2.0,0
4,2026-03-01 02:00:00+00:00,200000033,12.971631933333333,44.29765893333333,15,11.608,0.5099999999999998,8.099999999999966,2.0,0
4,2026-03-01 02:00:00+00:00,200000034,12.196960733333333,43.787201333333336,15,11.712666666666667,0.46999999999999886,4.199999999999989,2.0,0
4,2026-03-01 02:00:00+00:00,200000035,12.7114906,46.00645946666667,15,10.434666666666667,0.33999999999999986,5.399999999999999,2.0,0
4,2026-03-01 02:00:00+00:00,200000036,13.005433466666666,44.60016146666667,15,10.052,0.2400000000000002,7.0,2.0,0
4,2026-03-01 02:00:00+00:00,200000037,12.6818392,45.111136,15,15.532,0.41000000000000014,5.400000000000006,2.0,0
4,2026-03-01 02:00:00+00:00,200000038,12.878537733333333,45.45402093333334,15,4.036,10.36,167.20000000000002,2.0,1
4,2026-03-01 02:00:00+00:00,200000039,12.884196,45.45317286666667,15,4.122,9.09,178.8,2.0,1
4,2026-03-01 02:00:00+00:00,200000040,13.040771666666668,45.5207788,15,8.371333333333332,8.73,53.80000000000001,2.0,1
5,2026-03-01 02:30:00+00:00,200000001,12.8482392,43.59844966666667,15,9.978,0.29999999999999893,5.699999999999989,2.0,0
5,2026-03-01 02:30:00+00:00,200000002,12.733552933333334,45.176131733333335,15,13.920666666666667,0.4299999999999997,8.499999999999972,2.0,1
5,2026-03-01 02:30:00+00:00,200000003,13.031824266666666,45.322905,15,12.320666666666666,0.40000000000000036,6.099999999999994,2.0,0
5,2026-03-01 02:30:00+00:00,200000004,12.4880198,45.51575846666666,15,9.909333333333333,0.4299999999999997,5.100000000000023,2.0,0
5,2026-03-01 02:30:00+00:00,200000005,12.545751200000002,46.57057566666666,15,13.991999999999999,0.33000000000000007,5.299999999999997,2.0,1
5,2026-03-01 02:30:00+00:00,200000006,13.082626933333334,45.00192773333333,15,9.803333333333335,0.3600000000000012,4.300000000000011,2.0,0
5,2026-03-01 02:30:00+00:00,200000007,13.068551133333333,44.63912113333333,15,13.626,0.5700000000000003,6.399999999999977,2.0,1
5,2026-03-01 02:30:00+00:00,200000008,12.947297866666668,45.113818,15,15.32,0.35999999999999943,7.699999999999989,2.0,0
5,2026-03-01 02:30:00+00:00,200000009,12.312204466666666,44.58596786666667,15,12.309333333333335,0.27000000000000135,4.099999999999994,2.0,0
5,2026-03-01 02:30:00+00:00,200000010,12.278242466666667,45.62907006666667,15,9.655333333333333,0.5700000000000003,7.700000000000003,2.0,1
5,2026-03-01 02:30:00+00:00,200000011,13.581020200000001,44.825131733333336,15,14.302666666666665,0.5400000000000009,6.400000000000006,2.0,0
5,2026-03-01 02:30:00+00:00,200000012,12.568414466666667,44.320071133333336,15,12.268,0.33999999999999986,3.900000000000034,2.0,0
5,2026-03-01 02:30:00+00:00,200000013,12.307536,44.855800466666665,15,12.246,0.4200000000000017,8.300000000000011,2.0,0
5,2026-03-01 02:30:00+00:00,200000014,13.1550104,45.860268866666665,15,11.225999999999999,0.34999999999999964,8.400000000000006,2.0,0
5,2026-03-01 02:30:00+00:00,200000015,12.790466733333334,45.10595073333333,15,15.675333333333333,0.5500000000000007,5.900000000000006,2.0,1
5,2026-03-01 02:30:00+00:00,200000016,12.468072933333334,45.801801,15,10.022666666666668,0.21000000000000085,4.099999999999994,2.0,0
5,2026-03-01 02:30:00+00:00,200000017,12.5289248,46.152789,15,11.512,0.370000000000001,8.400000000000006,2.0,0
5,2026-03-01 02:30:00+00:00,200000018,12.430300066666666,44.10325973333333,15,9.187999999999999,0.33999999999999986,6.300000000000011,2.0,0
5,2026-03-01 02:30:00+00:00,200000019,13.063601,46.36797646666666,15,13.627333333333333,0.46999999999999886,7.099999999999994,2.0,0
5,2026-03-01 02:30:00+00:00,200000020,12.6807116,44.876693599999996,15,13.158666666666667,0.46000000000000085,4.0,2.0,1
5,2026-03-01 02:30:00+00:00,200000021,11.994858066666666,44.10354353333334,15,13.570666666666666,0.3100000000000005,4.800000000000011,2.0,0
5,2026-03-01 02:30:00+00:00,200000022,12.744180533333333,44.46882073333334,15,15.058666666666666,0.4299999999999997,4.399999999999977,2.0,0
5,2026-03-01 02:30:00+00:00,200000023,13.325895733333335,45.49700313333333,15,15.044666666666666,0.28000000000000114,7.099999999999994,2.0,0
5,2026-03-01 02:30:00+00:00,200000024,12.6497194,44.8980968,15,12.267333333333333,0.3000000000000007,10.5,2.0,1
5,2026-03-01 02:30:00+00:00,200000025,12.5274094,44.47834566666667,15,10.222000000000001,0.4499999999999993,8.200000000000003,2.0,0
5,2026-03-01 02:30:00+00:00,200000026,12.1733842,43.99209966666667,15,13.980666666666668,0.4399999999999995,4.5,2.0,0
5,2026-03-01 02:30:00+00:00,200000027,13.389630866666666,44.66323766666667,15,11.415333333333333,0.41999999999999993,5.299999999999997,2.0,0
5,2026-03-01 02:30:00+00:00,200000028,13.040581733333333,45.6808814,15,14.156,0.40000000000000036,5.200000000000003,2.0,0
5,2026-03-01 02:30:00+00:00,200000029,12.2132812,45.679107,15,15.604666666666667,0.21999999999999886,4.5,2.0,1
5,2026-03-01 02:30:00+00:00,200000030,12.1337904,45.75170766666667,15,11.562000000000001,0.6500000000000004,6.099999999999994,2.0,0
5,2026-03-01 02:30:00+00:00,200000031,12.586052866666668,46.519294466666665,15,13.044666666666666,0.5499999999999989,6.0,2.0,1
5,2026-03-01 02:30:00+00:00,200000032,12.718998666666666,44.15264319999999,15,10.588,0.5300000000000011,6.900000000000034,2.0,0
5,2026-03-01 02:30:00+00:00,200000033,12.965387333333332,44.1989668,15,11.633333333333333,0.27999999999999936,6.600000000000023,2.0,0
5,2026-03-01 02:30:00+00:00,200000034,12.217575666666667,43.6893138,15,11.720666666666666,0.33999999999999986,7.099999999999966,2.0,0
5,2026-03-01 02:30:00+00:00,200000035,12.763164866666667,46.07801346666667,15,10.405333333333335,0.4299999999999997,4.5,2.0,0
5,2026-03-01 02:30:00+00:00,200000036,13.055533800000001,44.668450799999995,15,10.033999999999999,0.41999999999999993,3.5,2.0,1
5,2026-03-01 02:30:00+00:00,200000037,12.657290333333334,45.021824333333335,6,15.621666666666668,0.2599999999999998,3.200000000000017,2.0,0
5,2026-03-01 02:30:00+00:00,200000038,12.879803266666666,45.452401466666664,15,0.7326666666666667,0.69,179.20000000000002,2.0,1
5,2026-03-01 02:30:00+00:00,200000039,12.882680200000001,45.4552404,15,0.6573333333333333,1.02,168.6,2.0,1
5,2026-03-01 02:30:00+00:00,200000040,13.004099,45.521565,15,9.352666666666666,7.3999999999999995,59.29999999999998,2.0,0
6,2026-03-01 03:00:00+00:00,200000001,12.8183064,43.5190616,15,9.953333333333335,0.379999999999999,6.599999999999994,2.0,0
6,2026-03-01 03:00:00+00:00,200000002,12.715652799999999,45.058006,15,14.011333333333333,0.3200000000000003,4.899999999999977,2.0,1
6,2026-03-01 03:00:00+00:00,200000003,13.0353206,45.42814293333333,15,12.394666666666668,0.33999999999999986,7.400000000000006,2.0,1
6,2026-03-01 03:00:00+00:00,200000004,12.482065133333332,45.43169013333333,15,9.886666666666667,0.6099999999999994,6.299999999999983,2.0,0
6,2026-03-01 03:00:00+00:00,200000005,12.5527158,46.689688733333334,15,14.047333333333334,0.22000000000000064,5.0,2.0,0
6,2026-03-01 03:00:00+00:00,200000006,13.076865266666665,45.085715533333335,15,9.838,0.5700000000000003,5.200000000000003,2.0,0
6,2026-03-01 03:00:00+00:00,200000007,13.090111466666666,44.52403613333333,15,13.688666666666668,0.5399999999999991,5.199999999999989,2.0,0
6,2026-03-01 03:00:00+00:00,200000008,12.918930399999999,44.986011733333335,15,15.379999999999999,0.3699999999999992,6.0,2.0,0
6,2026-03-01 03:00:00+00:00,200000009,12.307307866666667,44.690565533333334,15,12.298,0.3100000000000005,5.299999999999997,2.0,1
6,2026-03-01 03:00:00+00:00,200000010,12.289185933333332,45.71014586666667,15,9.656666666666666,0.41000000000000014,10.299999999999997,2.0,0
6,2026-03-01 03:00:00+00:00,200000011,13.584109533333333,44.9480704,15,14.310666666666666,0.5499999999999989,4.299999999999997,2.0,0
6,2026-03-01 03:00:00+00:00,200000012,12.5480494,44.21703973333333,15,12.416,0.6099999999999994,8.300000000000011,2.0,0
6,2026-03-01 03:00:00+00:00,200000013,12.282260133333333,44.75497266666666,15,12.307333333333332,0.4499999999999993,5.0,2.0,1
6,2026-03-01 03:00:00+00:00,200000014,13.1428744,45.955817,15,11.342,0.6999999999999993,7.900000000000006,2.0,0
6,2026-03-01 03:00:00+00:00,200000015,12.7652114,45.2377758,15,15.74,0.6699999999999982,3.5999999999999943,2.0,0
6,2026-03-01 03:00:00+00:00,200000016,12.506357466666666,45.8775696,15,9.964,0.41999999999999993,5.399999999999999,2.0,0
6,2026-03-01 03:00:00+00:00,200000017,12.531461866666666,46.25014993333333,15,11.430666666666667,0.5,5.900000000000006,2.0,0
6,2026-03-01 03:00:00+00:00,200000018,12.400610733333334,44.031070533333335,15,9.206666666666667,0.4900000000000002,5.300000000000011,2.0,0
6,2026-03-01 03:00:00+00:00,200000019,13.071688066666667,46.4850264,15,13.704666666666666,0.4400000000000013,4.400000000000006,2.0,0
6,2026-03-01 03:00:00+00:00,200000020,12.6764672,44.988660933333335,15,13.106666666666666,0.28999999999999915,5.6000000000000085,2.0,1
6,2026-03-01 03:00:00+00:00,200000021,11.996353733333333,43.98871186666667,15,13.409333333333333,0.4599999999999991,7.099999999999966,2.0,0
6,2026-03-01 03:00:00+00:00,200000022,12.726898933333333,44.340486266666666,15,15.143333333333334,0.41000000000000014,6.300000000000011,2.0,0
6,2026-03-01 03:00:00+00:00,200000023,13.392393199999999,45.605980333333335,15,15.036666666666667,0.3200000000000003,4.5,2.0,0
6,2026-03-01 03:00:00+00:00,200000024,12.673874533333333,44.7966586,15,12.239333333333333,0.46999999999999886,5.600000000000023,2.0,1
6,2026-03-01 03:00:00+00:00,200000025,12.578152533333334,44.548757466666665,15,10.266,0.4900000000000002,5.299999999999997,2.0,0
6,2026-03-01 03:00:00+00:00,200000026,12.158542133333333,43.873822133333334,15,14.014000000000001,0.3600000000000012,5.2999999999999545,2.0,0
6,2026-03-01 03:00:00+00:00,200000027,13.4178804,44.75631673333333,15,11.363333333333333,0.5099999999999998,5.299999999999997,2.0,0
6,2026-03-01 03:00:00+00:00,200000028,13.088329066666667,45.791253866666665,15,14.106666666666666,0.4499999999999993,4.999999999999993,2.0,0
6,2026-03-01 03:00:00+00:00,200000029,12.218983266666667,45.81164366666667,15,15.55,0.46000000000000085,5.699999999999989,2.0,1
6,2026-03-01 03:00:00+00:00,200000030,12.138814666666667,45.8510552,15,11.684666666666667,0.6400000000000006,4.799999999999997,2.0,1
6,2026-03-01 03:00:00+00:00,200000031,12.621159666666667,46.624745,15,13.044666666666668,0.28000000000000114,4.3999999999999915,2.0,0
6,2026-03-01 03:00:00+00:00,200000032,12.712283000000001,44.062656733333334,15,10.674000000000001,0.2599999999999998,6.600000000000023,2.0,0
6,2026-03-01 03:00:00+00:00,200000033,12.976315466666668,44.100457399999996,15,11.587333333333333,0.5800000000000001,6.899999999999977,2.0,0
6,2026-03-01 03:00:00+00:00,200000034,12.235385266666666,43.590766333333335,15,11.726,0.2599999999999998,4.5,2.0,0
6,2026-03-01 03:00:00+00:00,200000035,12.819336533333335,46.14589766666666,15,10.339333333333334,0.4399999999999995,5.599999999999994,2.0,0
6,2026-03-01 03:00:00+00:00,200000036,13.106539533333335,44.736049933333334,15,10.015333333333333,0.4800000000000004,8.5,2.0,0
6,2026-03-01 03:00:00+00:00,200000037,12.59714,44.796206,1,15.38,0.16999999999999993,2.1000000000000227,48.0,1
6,2026-03-01 03:00:00+00:00,200000038,12.879724266666667,45.4523194,15,0.8573333333333333,1.59,176.00000000000003,2.0,1
6,2026-03-01 03:00:00+00:00,200000039,12.882817666666666,45.45543466666666,15,0.9813333333333333,1.43,174.2,2.0,1
6,2026-03-01 03:00:00+00:00,200000040,13.006546333333334,45.50537,15,9.748,6.459999999999999,49.0,2.0,1
7,2026-03-01 03:30:00+00:00,200000001,12.780478866666666,43.4432118,15,9.946,0.4299999999999997,4.800000000000011,2.0,0
7,2026-03-01 03:30:00+00:00,200000002,12.701940066666667,44.939276400000004,15,14.045333333333334,0.33999999999999986,6.099999999999966,2.0,0
7,2026-03-01 03:30:00+00:00,200000003,13.040939333333334,45.533333266666666,15,12.296,0.39000000000000057,6.699999999999989,2.0,1
7,2026-03-01 03:30:00+00:00,200000004,12.468351533333333,45.348302200000006,15,9.863333333333333,0.5399999999999991,6.399999999999977,2.0,0
7,2026-03-01 03:30:00+00:00,200000005,12.5638308,46.8080962,15,14.007333333333333,0.5999999999999996,6.200000000000003,2.0,0
7,2026-03-01 03:30:00+00:00,200000006,13.063938866666666,45.16874106666667,15,9.844666666666667,0.46000000000000085,6.200000000000003,2.0,0
7,2026-03-01 03:30:00+00:00,200000007,13.1109306,44.40879666666667,15,13.675999999999998,0.5,4.300000000000011,2.0,0
7,2026-03-01 03:30:00+00:00,200000008,12.895837533333333,44.85716766666667,15,15.34,0.4299999999999997,6.199999999999989,2.0,0
7,2026-03-01 03:30:00+00:00,200000009,12.295820933333333,44.794576533333334,15,12.339333333333334,0.41999999999999993,8.099999999999994,2.0,0
7,2026-03-01 03:30:00+00:00,200000010,12.315590133333334,45.78749813333333,15,9.632,0.33999999999999986,8.099999999999994,2.0,0
7,2026-03-01 03:30:00+00:00,200000011,13.588588733333333,45.07094646666667,15,14.364,0.41000000000000014,6.5,2.0,0
7,2026-03-01 03:30:00+00:00,200000012,12.540933666666666,44.11226146666666,15,12.304666666666666,0.41999999999999993,6.5,2.0,0
7,2026-03-01 03:30:00+00:00,200000013,12.268153933333334,44.65133453333333,15,12.240666666666668,0.41000000000000014,6.400000000000034,2.0,0
7,2026-03-01 03:30:00+00:00,200000014,13.125479066666665,46.050569333333335,15,11.380666666666666,0.379999999999999,4.900000000000006,2.0,0
7,2026-03-01 03:30:00+00:00,200000015,12.7534168,45.3715078,15,15.770666666666667,0.5999999999999996,6.099999999999994,2.0,0
7,2026-03-01 03:30:00+00:00,200000016,12.547901266666667,45.951741399999996,15,10.048666666666666,0.3200000000000003,9.299999999999997,2.0,0
7,2026-03-01 03:30:00+00:00,200000017,12.514899933333334,46.34571986666666,15,11.483333333333333,0.4400000000000013,6.3999999999999915,2.0,0
7,2026-03-01 03:30:00+00:00,200000018,12.3715508,43.958614733333334,15,9.17,0.25,5.900000000000006,2.0,0
7,2026-03-01 03:30:00+00:00,200000019,13.078348733333334,46.60215066666667,15,13.676666666666668,0.33000000000000007,3.700000000000003,2.0,0
7,2026-03-01 03:30:00+00:00,200000020,12.6707546,45.1005614,15,13.134666666666668,0.3600000000000012,5.8999999999999915,2.0,0
7,2026-03-01 03:30:00+00:00,200000021,11.981394066666667,43.87529366666667,15,13.472000000000001,0.3800000000000008,6.200000000000017,2.0,0
7,2026-03-01 03:30:00+00:00,200000022,12.695584866666668,44.21532706666667,15,15.138,0.6699999999999999,8.599999999999994,2.0,0
7,2026-03-01 03:30:00+00:00,200000023,13.4798576,45.69770106666667,15,15.003333333333334,0.4499999999999993,5.300000000000004,2.0,0
7,2026-03-01 03:30:00+00:00,200000024,12.687354466666667,44.6930976,15,12.258666666666667,0.34000000000000163,7.800000000000011,2.0,0
7,2026-03-01 03:30:00+00:00,200000025,12.635226399999999,44.61390573333333,15,10.254,0.3699999999999992,5.700000000000003,2.0,0
7,2026-03-01 03:30:00+00:00,200000026,12.136502266666668,43.7571604,15,13.993333333333334,0.4400000000000013,7.5,2.0,0
7,2026-03-01 03:30:00+00:00,200000027,13.448247933333333,44.84877766666667,15,11.364666666666666,0.39000000000000057,7.6000000000000085,2.0,0
7,2026-03-01 03:30:00+00:00,200000028,13.125595666666667,45.90585093333333,15,14.122000000000002,0.39000000000000057,8.0,2.0,0
7,2026-03-01 03:30:00+00:00,200000029,12.235447466666667,45.94303753333334,15,15.509333333333332,0.39000000000000057,5.099999999999994,2.0,0
7,2026-03-01 03:30:00+00:00,200000030,12.141206866666666,45.95048233333333,15,11.634666666666668,0.3800000000000008,6.299999999999997,2.0,0
7,2026-03-01 03:30:00+00:00,200000031,12.661020400000002,46.728417199999996,15,13.037333333333333,0.5599999999999987,5.900000000000006,2.0,0
7,2026-03-01 03:30:00+00:00,200000032,12.7122214,43.972259,15,10.576666666666666,0.35999999999999943,8.699999999999989,2.0,0
7,2026-03-01 03:30:00+00:00,200000033,12.994692533333334,44.00295993333334,15,11.619333333333334,0.28999999999999915,6.300000000000011,2.0,0
7,2026-03-01 03:30:00+00:00,200000034,12.253555266666666,43.4923224,15,11.706666666666667,0.3699999999999992,4.400000000000034,2.0,0
7,2026-03-01 03:30:00+00:00,200000035,12.878318199999999,46.2110694,15,10.414,0.4800000000000004,7.100000000000001,2.0,0
7,2026-03-01 03:30:00+00:00,200000036,13.1599922,44.8016316,15,9.972666666666667,0.379999999999999,5.899999999999999,2.0,0
7,2026-03-01 03:30:00+00:00,200000037,12.5737324,44.729757666666664,15,15.494666666666665,0.3600000000000012,7.799999999999983,2.0,0
7,2026-03-01 03:30:00+00:00,200000038,12.883416866666666,45.447415666666664,15,5.407333333333333,8.48,127.20000000000002,2.0,1
7,2026-03-01 03:30:00+00:00,200000039,12.8794392,45.45992726666667,15,5.589333333333333,8.8,160.1,2.0,1
7,2026-03-01 03:30:00+00:00,200000040,13.044155,45.47495,15,10.570666666666666,7.21,74.89999999999998,2.0,1
8,2026-03-01 04:00:00+00:00,200000001,12.748116666666666,43.36492333333333,15,9.946,0.34999999999999964,4.699999999999989,2.0,0
8,2026-03-01 04:00:00+00:00,200000002,12.6966846,44.81988233333333,15,14.021999999999998,0.45000000000000107,6.7000000000000455,2.0,0
8,2026-03-01 04:00:00+00:00,200000003,13.044406866666666,45.638609800000005,15,12.378666666666668,0.34999999999999964,7.799999999999997,2.0,0
8,2026-03-01 04:00:00+00:00,200000004,12.460294800000002,45.26414366666666,15,9.887333333333334,0.629999999999999,5.899999999999977,2.0,0
8,2026-03-01 04:00:00+00:00,200000005,12.599695333333333,46.92141566666667,15,13.960666666666667,0.34999999999999964,9.400000000000006,2.0,0
8,2026-03-01 04:00:00+00:00,200000006,13.0404628,45.249051466666664,15,9.828666666666667,0.3100000000000005,5.5,2.0,0
8,2026-03-01 04:00:00+00:00,200000007,13.123886733333334,44.292374200000005,15,13.731333333333334,0.40000000000000036,10.399999999999977,2.0,0
8,2026-03-01 04:00:00+00:00,200000008,12.878856066666666,44.727324466666666,15,15.348,0.29999999999999893,2.3000000000000114,2.0,0
8,2026-03-01 04:00:00+00:00,200000009,12.280308866666667,44.8980898,15,12.301333333333334,0.5500000000000007,4.799999999999997,2.0,0
8,2026-03-01 04:00:00+00:00,200000010,12.350094466666667,45.86160700000001,15,9.629999999999999,0.33000000000000007,5.699999999999996,2.0,0
8,2026-03-01 04:00:00+00:00,200000011,13.583823599999999,45.19360986666666,15,14.314,0.41999999999999993,6.799999999999997,2.0,0
8,2026-03-01 04:00:00+00:00,200000012,12.544004666666666,44.007153,15,12.364,0.4499999999999993,7.900000000000034,2.0,0
8,2026-03-01 04:00:00+00:00,200000013,12.260806666666667,44.5469394,15,12.287333333333333,0.4399999999999995,3.6000000000000227,2.0,0
8,2026-03-01 04:00:00+00:00,200000014,13.106529066666667,46.14504506666667,15,11.274,0.2699999999999996,5.900000000000006,2.0,0
8,2026-03-01 04:00:00+00:00,200000015,12.742671,45.5054006,15,15.654,0.47000000000000064,8.0,2.0,0
8,2026-03-01 04:00:00+00:00,200000016,12.592020466666666,46.02427433333333,15,10.023333333333333,0.5299999999999994,4.700000000000003,2.0,0
8,2026-03-01 04:00:00+00:00,200000017,12.485787933333334,46.4385062,15,11.462,0.5800000000000001,6.099999999999994,2.0,0
8,2026-03-01 04:00:00+00:00,200000018,12.344991133333334,43.885160533333334,15,9.237333333333334,0.5099999999999998,6.400000000000006,2.0,0
8,2026-03-01 04:00:00+00:00,200000019,13.073721733333334,46.71906346666666,15,13.744666666666665,0.34999999999999964,5.3999999999999915,2.0,0
8,2026-03-01 04:00:00+00:00,200000020,12.674985,45.21245793333333,15,13.167333333333334,0.4299999999999997,8.5,2.0,0
8,2026-03-01 04:00:00+00:00,200000021,11.955331333333334,43.763521866666665,15,13.522,0.379999999999999,4.800000000000011,2.0,0
8,2026-03-01 04:00:00+00:00,200000022,12.6489056,44.09500786666667,15,15.202666666666666,0.5399999999999991,7.0,2.0,0
8,2026-03-01 04:00:00+00:00,200000023,13.5705498,45.786336,15,15.020000000000001,0.41999999999999993,4.699999999999996,2.0,0
8,2026-03-01 04:00:00+00:00,200000024,12.703353066666667,44.58991313333333,15,12.199333333333334,0.29999999999999893,6.2999999999999545,2.0,1
8,2026-03-01 04:00:00+00:00,200000025,12.6988744,44.67220426666667,15,10.282666666666668,0.40000000000000036,5.299999999999997,2.0,1
8,2026-03-01 04:00:00+00:00,200000026,12.111079066666667,43.64091206666667,15,14.051333333333334,0.5800000000000001,5.599999999999966,2.0,0
8,2026-03-01 04:00:00+00:00,200000027,13.479489333333333,44.94089626666666,15,11.454666666666666,0.3800000000000008,8.100000000000009,2.0,0
8,2026-03-01 04:00:00+00:00,200000028,13.165109733333333,46.01971653333333,15,14.191333333333334,0.46000000000000085,5.799999999999997,2.0,0
8,2026-03-01 04:00:00+00:00,200000029,12.248396866666667,46.07457586666667,15,15.514666666666667,0.41999999999999993,5.0,2.0,0
8,2026-03-01 04:00:00+00:00,200000030,12.1479582,46.04974146666667,15,11.735999999999999,0.40000000000000036,7.200000000000003,2.0,0
8,2026-03-01 04:00:00+00:00,200000031,12.7073586,46.829223533333334,15,13.060666666666666,0.2699999999999996,6.099999999999994,2.0,0
8,2026-03-01 04:00:00+00:00,200000032,12.719472066666667,43.88215326666667,15,10.604666666666667,0.6799999999999997,6.600000000000023,2.0,0
8,2026-03-01 04:00:00+00:00,200000033,13.011514866666666,43.90518753333333,15,11.591333333333333,0.33999999999999986,5.199999999999989,2.0,0
8,2026-03-01 04:00:00+00:00,200000034,12.277674333333334,43.39526626666667,15,11.766,0.41999999999999993,5.899999999999977,2.0,0
8,2026-03-01 04:00:00+00:00,200000035,12.943967133333333,46.269361933333336,15,10.368,0.3200000000000003,9.5,2.0,0
8,2026-03-01 04:00:00+00:00,200000036,13.2188086,44.861983933333335,15,9.964666666666666,0.2900000000000009,6.0,2.0,0
8,2026-03-01 04:00:00+00:00,200000037,12.530449466666665,44.60496186666667,15,15.53,0.41000000000000014,4.899999999999977,2.0,0
8,2026-03-01 04:00:00+00:00,200000038,12.937543266666667,45.35993773333333,15,16.060666666666666,0.2900000000000009,7.600000000000023,2.0,0
8,2026-03-01 04:00:00+00:00,200000039,12.825043266666666,45.54743773333333,15,16.067333333333334,0.5900000000000016,2.5,2.0,0
8,2026-03-01 04:00:00+00:00,200000040,13.049543866666665,45.470626599999996,15,8.284,9.48,62.80000000000001,2.0,0
9,2026-03-01 04:30:00+00:00,200000001,12.7222482,43.28396133333333,15,10.022666666666668,0.370000000000001,7.0,2.0,0
9,2026-03-01 04:30:00+00:00,200000002,12.693397733333335,44.70034793333333,15,13.990666666666668,0.4900000000000002,4.5,2.0,1
9,2026-03-01 04:30:00+00:00,200000003,13.0450602,45.74395273333334,15,12.327333333333334,0.5399999999999991,8.0,2.0,0
9,2026-03-01 04:30:00+00:00,200000004,12.4584692,45.1797974,15,9.871999999999998,0.4499999999999993,6.100000000000023,2.0,0
9,2026-03-01 04:30:00+00:00,200000005,12.645396400000001,47.03115519999999,15,13.975333333333333,0.28000000000000114,7.899999999999999,2.0,0
9,2026-03-01 04:30:00+00:00,200000006,13.013282133333332,45.32833753333333,15,9.834666666666667,0.35999999999999943,3.9000000000000057,2.0,1
9,2026-03-01 04:30:00+00:00,200000007,13.142091533333334,44.1767984,15,13.717333333333332,0.379999999999999,6.7999999999999545,2.0,0
9,2026-03-01 04:30:00+00:00,200000008,12.857555733333333,44.59831893333333,15,15.234,0.5100000000000016,6.300000000000011,2.0,0
9,2026-03-01 04:30:00+00:00,200000009,12.263245066666666,45.001340400000004,15,12.308666666666666,0.5300000000000011,6.0,2.0,0
9,2026-03-01 04:30:00+00:00,200000010,12.391232,45.9320504,15,9.650666666666666,0.33999999999999986,5.399999999999999,2.0,0
9,2026-03-01 04:30:00+00:00,200000011,13.572102666666666,45.31597373333333,15,14.320666666666666,0.4800000000000004,4.900000000000006,2.0,0
9,2026-03-01 04:30:00+00:00,200000012,12.561303866666666,43.90362433333333,15,12.316666666666666,0.47000000000000064,5.2000000000000455,2.0,1
9,2026-03-01 04:30:00+00:00,200000013,12.2577152,44.44227846666667,15,12.263333333333332,0.41999999999999993,5.5,2.0,0
9,2026-03-01 04:30:00+00:00,200000014,13.086858133333333,46.239337866666666,15,11.232,0.46999999999999886,7.900000000000006,2.0,0
9,2026-03-01 04:30:00+00:00,200000015,12.728086733333333,45.638857,15,15.706,0.5499999999999989,9.5,2.0,1
9,2026-03-01 04:30:00+00:00,200000016,12.6302482,46.1000884,15,9.978666666666667,0.40000000000000036,5.399999999999999,2.0,0
9,2026-03-01 04:30:00+00:00,200000017,12.462593733333334,46.533062199999996,15,11.467333333333332,0.4900000000000002,9.799999999999997,2.0,0
9,2026-03-01 04:30:00+00:00,200000018,12.319055333333333,43.811505333333336,15,9.233333333333333,0.4599999999999991,4.399999999999977,2.0,0
9,2026-03-01 04:30:00+00:00,200000019,13.0598712,46.835550733333335,15,13.727333333333332,0.33000000000000007,8.599999999999994,2.0,0
9,2026-03-01 04:30:00+00:00,200000020,12.6820952,45.3241776,15,13.139333333333333,0.4399999999999995,5.599999999999994,2.0,0
9,2026-03-01 04:30:00+00:00,200000021,11.931832933333334,43.65122039999999,15,13.501333333333333,0.7400000000000002,5.0,2.0,0
9,2026-03-01 04:30:00+00:00,200000022,12.597248933333333,43.977138866666664,15,15.15,0.40000000000000036,8.300000000000011,2.0,1
9,2026-03-01 04:30:00+00:00,200000023,13.654052066666667,45.882607533333335,15,15.08,0.4800000000000004,6.299999999999997,2.0,0
9,2026-03-01 04:30:00+00:00,200000024,12.732131066666666,44.489796133333336,15,12.296666666666665,0.3899999999999988,5.699999999999989,2.0,0
9,2026-03-01 04:30:00+00:00,200000025,12.772335333333332,44.71618113333333,15,10.244666666666667,0.40000000000000036,7.300000000000001,2.0,1
9,2026-03-01 04:30:00+00:00,200000026,12.091016933333332,43.5234478,15,14.102666666666666,0.33000000000000007,5.0,2.0,0
9,2026-03-01 04:30:00+00:00,200000027,13.5064092,45.0344458,15,11.369333333333334,0.3800000000000008,5.3999999999999915,2.0,0
9,2026-03-01 04:30:00+00:00,200000028,13.2041006,46.133826866666666,15,14.171333333333333,0.4400000000000013,4.400000000000006,2.0,0
9,2026-03-01 04:30:00+00:00,200000029,12.240114866666666,46.20694613333333,15,15.513333333333332,0.28999999999999915,6.3999999999999915,2.0,0
9,2026-03-01 04:30:00+00:00,200000030,12.1503372,46.14917726666667,15,11.669333333333332,0.34999999999999964,4.0,2.0,0
9,2026-03-01 04:30:00+00:00,200000031,12.747014866666666,46.9327464,15,13.034666666666668,0.27999999999999936,5.599999999999994,2.0,0
9,2026-03-01 04:30:00+00:00,200000032,12.725961333333334,43.791987666666664,15,10.608,0.46000000000000085,3.8000000000000114,2.0,0
9,2026-03-01 04:30:00+00:00,200000033,13.031694333333332,43.80807046666667,15,11.651333333333334,0.4399999999999995,6.899999999999977,2.0,0
9,2026-03-01 04:30:00+00:00,200000034,12.2949298,43.29694866666667,15,11.765333333333333,0.2599999999999998,7.5,2.0,0
9,2026-03-01 04:30:00+00:00,200000035,13.010865533333334,46.326236333333334,15,10.431333333333333,0.35999999999999943,4.899999999999999,2.0,0
9,2026-03-01 04:30:00+00:00,200000036,13.278723533333334,44.92122866666667,15,10.000666666666666,0.41000000000000014,6.200000000000003,2.0,0
9,2026-03-01 04:30:00+00:00,200000037,12.4900152,44.479274000000004,15,15.53,0.5700000000000003,6.5,2.0,0
9,2026-03-01 04:30:00+00:00,200000038,13.007855733333335,45.24275026666667,15,16.023333333333333,0.3200000000000003,4.7000000000000455,2.0,1
9,2026-03-01 04:30:00+00:00,200000039,12.754730733333334,45.66462526666667,15,16.088,0.4299999999999997,10.100000000000009,2.0,1
9,2026-03-01 04:30:00+00:00,200000040,13.038636333333333,45.500322999999995,15,9.721333333333332,8.959999999999999,57.599999999999994,2.0,0
10,2026-03-01 05:00:00+00:00,200000001,12.694763066666667,43.20356806666667,15,9.903333333333334,0.3200000000000003,9.199999999999989,2.0,0
10,2026-03-01 05:00:00+00:00,200000002,12.683270733333334,44.581261133333335,15,13.984,0.6199999999999992,3.3999999999999773,2.0,0
10,2026-03-01 05:00:00+00:00,200000003,13.050776133333333,45.8490982,15,12.346666666666666,0.379999999999999,4.5,2.0,0
10,2026-03-01 05:00:00+00:00,200000004,12.464960733333333,45.09551866666666,15,9.922,0.40000000000000036,5.5,2.0,0
10,2026-03-01 05:00:00+00:00,200000005,12.698053466666666,47.13758266666667,15,13.925333333333333,0.41000000000000014,4.0,2.0,0
10,2026-03-01 05:00:00+00:00,200000006,12.989364733333334,45.40876506666667,15,9.893333333333334,0.7200000000000006,4.700000000000003,2.0,0
10,2026-03-01 05:00:00+00:00,200000007,13.1710952,44.06344786666667,15,13.643333333333334,0.33000000000000007,8.899999999999977,2.0,0
10,2026-03-01 05:00:00+00:00,200000008,12.833095933333334,44.46989633333333,15,15.349333333333334,0.3500000000000014,5.800000000000011,2.0,0
10,2026-03-01 05:00:00+00:00,200000009,12.24334,45.10393346666667,15,12.241333333333333,0.5999999999999996,6.400000000000006,2.0,0
10,2026-03-01 05:00:00+00:00,200000010,12.436538,45.9998194,15,9.578000000000001,0.46000000000000085,6.100000000000001,2.0,0
10,2026-03-01 05:00:00+00:00,200000011,13.551094733333334,45.43683133333333,15,14.338,0.46000000000000085,5.200000000000003,2.0,0
10,2026-03-01 05:00:00+00:00,200000012,12.588221933333333,43.80220046666667,15,12.370666666666667,0.5200000000000014,7.199999999999989,2.0,0
10,2026-03-01 05:00:00+00:00,200000013,12.2518744,44.33798693333333,15,12.219333333333333,0.3100000000000005,6.899999999999977,2.0,0
10,2026-03-01 05:00:00+00:00,200000014,13.072021066666668,46.33444553333334,15,11.235333333333333,0.3999999999999986,6.0,2.0,1
10,2026-03-01 05:00:00+00:00,200000015,12.7119792,45.77203793333333,15,15.693999999999999,0.5200000000000014,7.0,2.0,1
10,2026-03-01 05:00:00+00:00,200000016,12.662557533333334,46.178966800000005,15,10.104666666666667,0.3200000000000003,9.600000000000001,2.0,0
10,2026-03-01 05:00:00+00:00,200000017,12.4322866,46.6252888,15,11.362666666666666,0.3199999999999985,6.0,2.0,0
10,2026-03-01 05:00:00+00:00,200000018,12.295404066666666,43.73703626666667,15,9.132666666666667,0.5299999999999994,5.199999999999989,2.0,0
10,2026-03-01 05:00:00+00:00,200000019,13.045348933333333,46.951837266666665,15,13.681999999999999,0.41999999999999993,5.299999999999997,2.0,0
10,2026-03-01 05:00:00+00:00,200000020,12.683226933333334,45.43624573333333,15,13.151333333333334,0.370000000000001,6.0,2.0,0
10,2026-03-01 05:00:00+00:00,200000021,11.907497466666666,43.5390986,15,13.518,0.379999999999999,8.5,2.0,0
10,2026-03-01 05:00:00+00:00,200000022,12.526233733333333,43.870337666666664,15,15.149333333333335,0.5,4.300000000000011,2.0,0
10,2026-03-01 05:00:00+00:00,200000023,13.741387133333335,45.975182133333334,15,15.069333333333333,0.33999999999999986,5.199999999999996,2.0,0
10,2026-03-01 05:00:00+00:00,200000024,12.766799733333333,44.39150526666666,15,12.25,0.5499999999999989,3.5,2.0,0
10,2026-03-01 05:00:00+00:00,200000025,12.852217666666666,44.74741253333333,15,10.264000000000001,0.3800000000000008,7.199999999999999,2.0,0
10,2026-03-01 05:00:00+00:00,200000026,12.082782866666667,43.404552933333335,15,13.966000000000001,0.45000000000000107,5.699999999999989,2.0,0
10,2026-03-01 05:00:00+00:00,200000027,13.530982466666668,45.12870753333333,15,11.406,0.33999999999999986,2.700000000000003,2.0,0
10,2026-03-01 05:00:00+00:00,200000028,13.247932200000001,46.245919666666666,15,14.129333333333333,0.5,4.200000000000003,2.0,0
10,2026-03-01 05:00:00+00:00,200000029,12.223891333333334,46.33856266666667,15,15.504,0.6199999999999992,4.699999999999989,2.0,0
10,2026-03-01 05:00:00+00:00,200000030,12.1460088,46.248589,15,11.616000000000001,0.47000000000000064,3.700000000000003,2.0,0
10,2026-03-01 05:00:00+00:00,200000031,12.778324533333334,47.03932546666667,15,13.040666666666668,0.34999999999999964,6.200000000000003,2.0,0
10,2026-03-01 05:00:00+00:00,200000032,12.728572333333334,43.701654866666665,15,10.625333333333334,0.5500000000000007,4.899999999999977,2.0,0
10,2026-03-01 05:00:00+00:00,200000033,13.052406266666667,43.71106566666666,15,11.569999999999999,0.4499999999999993,6.100000000000023,2.0,0
10,2026-03-01 05:00:00+00:00,200000034,12.291662733333334,43.19719726666666,15,11.756666666666666,0.3800000000000008,5.100000000000023,2.0,0
10,2026-03-01 05:00:00+00:00,200000035,13.075578,46.38573326666666,15,10.434,0.4200000000000017,7.300000000000004,2.0,1
10,2026-03-01 05:00:00+00:00,200000036,13.332552333333332,44.98650373333333,15,10.026666666666667,0.3000000000000007,10.800000000000004,2.0,0
10,2026-03-01 05:00:00+00:00,200000037,12.454326,44.35207653333334,15,15.583333333333334,0.5399999999999991,5.400000000000006,2.0,0
10,2026-03-01 05:00:00+00:00,200000038,13.078168266666667,45.12556273333333,15,16.102666666666668,0.3200000000000003,6.300000000000011,2.0,0
10,2026-03-01 05:00:00+00:00,200000039,12.684418266666666,45.78181273333333,15,16.083333333333332,0.6699999999999999,8.699999999999989,2.0,1
10,2026-03-01 05:00:00+00:00,200000040,13.013648666666667,45.517714733333335,15,12.246,9.0,75.4,2.0,0
11,2026-03-01 05:30:00+00:00,200000001,12.667502933333333,43.12307426666667,15,9.958666666666666,0.379999999999999,5.099999999999994,2.0,0
11,2026-03-01 05:30:00+00:00,200000002,12.668136333333333,44.46272926666666,15,13.985999999999999,0.3800000000000008,3.599999999999966,2.0,0
11,2026-03-01 05:30:00+00:00,200000003,13.062533533333333,45.95364693333333,15,12.320666666666666,0.28999999999999915,8.099999999999994,2.0,0
11,2026-03-01 05:30:00+00:00,200000004,12.462351866666666,45.011078600000005,15,9.939333333333334,0.41999999999999993,5.5,2.0,0
11,2026-03-01 05:30:00+00:00,200000005,12.757579733333333,47.24026573333333,15,13.996666666666666,0.27999999999999936,8.700000000000003,2.0,0
11,2026-03-01 05:30:00+00:00,200000006,12.969888533333334,45.49043313333333,15,9.852,0.41000000000000014,5.199999999999989,2.0,1
11,2026-03-01 05:30:00+00:00,200000007,13.2140488,43.9551006,15,13.692,0.4900000000000002,3.8999999999999773,2.0,0
11,2026-03-01 05:30:00+00:00,200000008,12.818757666666666,44.3397038,15,15.340666666666666,0.5600000000000005,5.0,2.0,1
11,2026-03-01 05:30:00+00:00,200000009,12.218040733333334,45.204895666666665,15,12.267333333333333,0.27000000000000135,4.6000000000000085,2.0,0
11,2026-03-01 05:30:00+00:00,200000010,12.478469933333335,46.06977213333333,15,9.616000000000001,0.23000000000000043,7.199999999999996,2.0,0
11,2026-03-01 05:30:00+00:00,200000011,13.521803066666667,45.55596773333333,15,14.385333333333334,0.3200000000000003,8.599999999999994,2.0,0
11,2026-03-01 05:30:00+00:00,200000012,12.626176399999999,43.70445606666667,15,12.295333333333334,0.4800000000000004,6.0,2.0,0
11,2026-03-01 05:30:00+00:00,200000013,12.2372416,44.23446,15,12.355333333333334,0.2699999999999996,6.399999999999977,2.0,0
11,2026-03-01 05:30:00+00:00,200000014,13.060603733333332,46.43015426666667,15,11.288,0.45000000000000107,8.599999999999994,2.0,1
11,2026-03-01 05:30:00+00:00,200000015,12.706617,45.906302399999994,15,15.74,0.35999999999999943,3.0,2.0,0
11,2026-03-01 05:30:00+00:00,200000016,12.691407533333335,46.259040133333336,15,10.044,0.20999999999999908,5.0,2.0,0
11,2026-03-01 05:30:00+00:00,200000017,12.405423666666668,46.718712133333334,15,11.425999999999998,0.4399999999999995,7.799999999999997,2.0,0
11,2026-03-01 05:30:00+00:00,200000018,12.273931866666667,43.66188473333333,15,9.165333333333333,0.5800000000000001,5.800000000000011,2.0,0
11,2026-03-01 05:30:00+00:00,200000019,13.042868133333334,47.069081266666664,15,13.696666666666665,0.6399999999999988,10.200000000000003,2.0,0
11,2026-03-01 05:30:00+00:00,200000020,12.691981933333333,45.547951600000005,15,13.16,0.3600000000000012,6.799999999999997,2.0,0
11,2026-03-01 05:30:00+00:00,200000021,11.872610266666667,43.43015813333333,15,13.486666666666666,0.45000000000000107,3.6999999999999886,2.0,0
11,2026-03-01 05:30:00+00:00,200000022,12.458527866666666,43.761192066666666,15,15.167333333333334,0.379999999999999,6.099999999999994,2.0,0
11,2026-03-01 05:30:00+00:00,200000023,13.8232684,46.07279566666667,15,15.089333333333334,0.5600000000000005,8.600000000000001,2.0,0
11,2026-03-01 05:30:00+00:00,200000024,12.794242533333334,44.29080006666666,15,12.231333333333334,0.2900000000000009,6.300000000000011,2.0,1
11,2026-03-01 05:30:00+00:00,200000025,12.9311122,44.78128686666666,15,10.322666666666667,0.33999999999999986,6.199999999999999,2.0,0
11,2026-03-01 05:30:00+00:00,200000026,12.086444533333333,43.28536713333334,15,14.010666666666667,0.29999999999999893,8.300000000000011,2.0,0
11,2026-03-01 05:30:00+00:00,200000027,13.547663666666667,45.224763599999996,15,11.372666666666667,0.2599999999999998,5.799999999999997,2.0,0
11,2026-03-01 05:30:00+00:00,200000028,13.2961718,46.3561682,15,14.064666666666666,0.33999999999999986,8.100000000000001,2.0,0
11,2026-03-01 05:30:00+00:00,200000029,12.205110266666667,46.46985313333333,15,15.553333333333335,0.39000000000000057,5.3999999999999915,2.0,0
11,2026-03-01 05:30:00+00:00,200000030,12.135550866666668,46.347344400000004,15,11.686666666666667,0.3699999999999992,10.200000000000003,2.0,0
11,2026-03-01 05:30:00+00:00,200000031,12.826905733333332,47.138785,15,13.018666666666666,0.5500000000000007,7.0,2.0,0
11,2026-03-01 05:30:00+00:00,200000032,12.7322484,43.6113882,15,10.558,0.5399999999999991,5.600000000000023,2.0,0
11,2026-03-01 05:30:00+00:00,200000033,13.081065866666668,43.6163124,15,11.609333333333332,0.3200000000000003,6.0,2.0,0
11,2026-03-01 05:30:00+00:00,200000034,12.274004066666667,43.098645000000005,15,11.707333333333334,0.5399999999999991,5.900000000000034,2.0,0
11,2026-03-01 05:30:00+00:00,200000035,13.135911933333334,46.449785866666666,15,10.404666666666666,0.4900000000000002,5.700000000000003,2.0,1
11,2026-03-01 05:30:00+00:00,200000036,13.3821612,45.055253533333335,15,9.934,0.4900000000000002,5.5,2.0,0
11,2026-03-01 05:30:00+00:00,200000037,12.408037733333334,44.228531399999994,15,15.522666666666668,0.39000000000000057,6.599999999999994,2.0,0
11,2026-03-01 05:30:00+00:00,200000038,13.148480733333335,45.00837526666667,15,16.153333333333332,0.40000000000000036,6.5,2.0,0
11,2026-03-01 05:30:00+00:00,200000039,12.614105733333334,45.89900026666667,15,16.057333333333336,0.3100000000000023,7.200000000000003,2.0,0
11,2026-03-01 05:30:00+00:00,200000040,12.959315533333333,45.50504086666667,15,10.842666666666666,6.489999999999998,56.30000000000001,2.0,1
