window_id,window_start,mmsi,lat,lon,err_mean_speed,err_speed_change,err_course_change,err_gap_minutes,err_neighbor_count,score,is_anomaly
6,2026-03-01 03:00:00+00:00,200000037,12.59714,44.796206,0.49943706,0.07980017,0.032402847,352.01834,0.20997289,70.56799080744386,True
4,2026-03-01 02:00:00+00:00,200000038,12.878537733333332,45.45402093333334,4.501873,23.757814,19.805902,0.008126002,1.541621,9.923067375272513,True
7,2026-03-01 03:30:00+00:00,200000039,12.8794392,45.45992726666667,3.9626207,16.25478,25.261068,0.043304525,2.3596385,9.576282374560833,True
4,2026-03-01 02:00:00+00:00,200000039,12.884196,45.45317286666667,4.623778,15.589347,25.047058,0.0063486095,1.6126372,9.375833725836127,True
10,2026-03-01 05:00:00+00:00,200000040,13.013648666666668,45.517714733333335,0.008445771,28.91022,8.593955,0.011424493,0.15445805,7.535700508579612,True
5,2026-03-01 02:30:00+00:00,200000038,12.879803266666666,45.45240146666666,8.828272,1.2893301,24.778316,0.057266835,0.3473067,7.060098404437303,True
6,2026-03-01 03:00:00+00:00,200000038,12.879724266666669,45.4523194,9.139132,0.2052587,24.600885,0.042040415,0.41508868,6.8804809466004375,True
1,2026-03-01 00:30:00+00:00,200000040,13.094542999999998,45.61771733333333,3.546107,25.691051,2.2739453,0.026237406,1.9892367,6.705315597355366,True
6,2026-03-01 03:00:00+00:00,200000039,12.882817666666666,45.45543466666666,9.050305,0.45450345,23.332897,0.04790065,0.46214527,6.669550383836031,True
8,2026-03-01 04:00:00+00:00,200000040,13.049543866666664,45.4706266,2.32667,26.609274,3.9492009,0.103943184,0.08986509,6.615790596604347,True
7,2026-03-01 03:30:00+00:00,200000038,12.883416866666666,45.44741566666666,4.1290493,14.338398,12.179607,0.045035183,2.2830536,6.5950286984443665,True
2,2026-03-01 01:00:00+00:00,200000040,13.079438533333333,45.5636566,0.90082085,16.682016,2.9794972,0.008034772,12.1431675,6.5427073372527955,True
9,2026-03-01 04:30:00+00:00,200000040,13.038636333333333,45.500323,1.173221,26.81798,4.297035,0.03622417,0.14135438,6.493162915110588,True
5,2026-03-01 02:30:00+00:00,200000039,12.8826802,45.4552404,8.934813,1.2858318,18.719831,0.0586886,0.41025132,5.881883148103952,True
11,2026-03-01 05:30:00+00:00,200000040,12.959315533333331,45.50504086666667,0.4036793,14.7978325,4.5094714,0.000786584,3.6029575,4.662945457571186,True
0,2026-03-01 00:00:00+00:00,200000040,13.107870600000002,45.641648933333336,0.718316,17.905933,3.9434438,0.04233848,0.63054067,4.648114464432001,True
0,2026-03-01 00:00:00+00:00,200000005,12.4746712,45.9785646,0.27019688,0.2899917,0.109947495,0.1262893,19.33726,4.0267369344830515,True
4,2026-03-01 02:00:00+00:00,200000028,12.986045666666666,45.573897,3.4273179,5.359584,7.9078765,0.0071544047,1.7532125,3.6910290121100844,True
5,2026-03-01 02:30:00+00:00,200000028,13.040581733333331,45.6808814,4.405761,3.2410178,8.28257,0.050562494,1.6332563,3.5226334556937218,True
5,2026-03-01 02:30:00+00:00,200000023,13.325895733333336,45.49700313333333,5.0378485,3.2831342,6.692825,0.052363854,1.5885731,3.3309488974511625,True
4,2026-03-01 02:00:00+00:00,200000040,13.040771666666668,45.5207788,0.112953424,12.376187,0.7138933,0.006301841,1.7678136,2.99542988948524,True
4,2026-03-01 02:00:00+00:00,200000023,13.261941133333332,45.38614486666667,3.470846,4.522332,5.558551,0.0020227681,0.88156724,2.8870637943502517,True
0,2026-03-01 00:00:00+00:00,200000038,12.482099933333334,45.941591,8.589126,0.22022372,0.12092368,0.084780194,4.7438335,2.751777355372906,True
3,2026-03-01 01:30:00+00:00,200000040,13.0948382,45.52510153333333,2.1248057,7.1604114,2.5088384,0.03662035,1.0485792,2.575851005315781,True
4,2026-03-01 02:00:00+00:00,200000008,12.985885266666664,45.2387358,2.969144,3.1655698,4.7003436,0.014671951,1.7268229,2.5153104601427914,False
7,2026-03-01 03:30:00+00:00,200000040,13.044155,45.47495,0.043989286,7.8833513,1.7547474,0.08194882,2.6503546,2.482878288626671,False
5,2026-03-01 02:30:00+00:00,200000040,13.004099,45.521565,0.17002048,9.634719,0.47056508,0.056422636,1.9141029,2.449165999889374,False
6,2026-03-01 03:00:00+00:00,200000028,13.088329066666669,45.791253866666665,3.042323,1.7938858,5.2702084,0.035658676,1.666911,2.361797396093607,False
4,2026-03-01 02:00:00+00:00,200000014,13.162269866666666,45.7640964,0.26560986,4.122416,6.277354,0.009981885,0.8335113,2.3017745641991496,False
6,2026-03-01 03:00:00+00:00,200000023,13.3923932,45.605980333333335,3.377073,2.191341,4.390077,0.022318542,1.4280596,2.281773841381073,False
6,2026-03-01 03:00:00+00:00,200000015,12.7652114,45.2377758,4.274057,0.28118202,3.0766547,0.26139128,3.2076457,2.2201861083507537,False
5,2026-03-01 02:30:00+00:00,200000003,13.031824266666666,45.322905,1.1659272,1.5845094,5.139209,0.060219456,1.9833133,1.986635623127222,False
6,2026-03-01 03:00:00+00:00,200000013,12.282260133333333,44.75497266666666,0.21506645,0.018202923,0.0018019528,9.224087,0.46403039,1.9846376940840855,False
6,2026-03-01 03:00:00+00:00,200000009,12.307307866666669,44.69056553333333,0.15702638,0.05353496,0.001472227,8.798255,0.58349264,1.9187562338542192,False
6,2026-03-01 03:00:00+00:00,200000003,13.0353206,45.42814293333333,1.4857944,1.8252257,5.6037707,0.044410944,0.6217055,1.916181457042694,False
7,2026-03-01 03:30:00+00:00,200000003,13.040939333333334,45.533333266666666,0.19362475,3.6993186,2.931175,0.0664193,2.5717425,1.8924560457468034,False
6,2026-03-01 03:00:00+00:00,200000040,13.006546333333334,45.50537,0.068684906,7.6631365,0.4673912,0.028776482,0.68653154,1.7829041212797165,False
6,2026-03-01 03:00:00+00:00,200000024,12.673874533333333,44.7966586,0.20892987,0.0016191405,3.8515987e-05,8.156413,0.43420517,1.7602411551590194,False
7,2026-03-01 03:30:00+00:00,200000015,12.7534168,45.3715078,3.2645714,1.9886755,2.4759011,0.022687716,0.6484983,1.6800668086856603,False
4,2026-03-01 02:00:00+00:00,200000003,13.026441533333331,45.2178096,0.33123958,2.6387184,3.7252936,0.024360811,1.5580844,1.6555393528193236,False
3,2026-03-01 01:30:00+00:00,200000038,12.808712866666667,45.54239773333334,6.1566563,0.5702611,0.26427975,0.0021351955,0.91934127,1.5825347201433033,False
3,2026-03-01 01:30:00+00:00,200000039,12.953874133333333,45.364978,4.6005473,1.0270872,0.30337477,0.013178905,1.3911294,1.467063514329493,False
1,2026-03-01 00:30:00+00:00,200000038,12.590970933333333,45.8085268,6.9780526,0.0019832358,0.039437372,0.014701827,0.2185472,1.450544449361041,False
2,2026-03-01 01:00:00+00:00,200000038,12.699841866666668,45.675462,5.98657,0.0008761676,2.5940858e-07,0.030123832,1.0289155,1.4092971329298507,False
5,2026-03-01 02:30:00+00:00,200000014,13.1550104,45.860268866666665,0.19056697,2.0912554,3.5364008,0.03349765,1.1452641,1.3993969984352588,False
1,2026-03-01 00:30:00+00:00,200000015,12.826815266666667,44.57168826666667,2.5326366,0.01246378,0.00025623044,0.0004388966,4.3897696,1.38711302074953,False
6,2026-03-01 03:00:00+00:00,200000025,12.578152533333334,44.548757466666665,0.7976283,0.0020617906,0.0028403937,5.07611,1.0237544,1.3804789424408228,False
6,2026-03-01 03:00:00+00:00,200000020,12.6764672,44.988660933333335,0.005961938,0.019225776,0.0206919,6.661308,0.15566723,1.3725709311664105,False
9,2026-03-01 04:30:00+00:00,200000022,12.597248933333333,43.97713886666666,1.2562966,0.0022712122,0.0082210805,0.0004268212,5.0585074,1.2651446382107678,False
0,2026-03-01 00:00:00+00:00,200000004,12.482164933333332,45.93670886666666,1.1994945,0.30751854,0.09313204,0.122363746,4.4938393,1.2432696148753166,False
9,2026-03-01 04:30:00+00:00,200000038,13.007855733333336,45.24275026666667,1.8096745,0.718991,0.07262339,0.019342737,3.463075,1.216741305962205,False
9,2026-03-01 04:30:00+00:00,200000039,12.754730733333334,45.66462526666667,1.9248136,0.2175063,0.0010777054,8.236153e-05,3.8425426,1.1972045295668068,False
0,2026-03-01 00:00:00+00:00,200000039,13.280487,44.96578493333333,5.2818456,0.022454342,0.012828226,0.012892995,0.2070749,1.1074192056432366,False
9,2026-03-01 04:30:00+00:00,200000006,13.013282133333332,45.32833753333333,1.0646662,0.70416665,0.10588341,0.020324511,3.634573,1.1059227418154478,False
10,2026-03-01 05:00:00+00:00,200000039,12.684418266666666,45.78181273333333,1.7294791,0.0014074261,0.007367864,0.016790695,3.7197065,1.0949503190349787,False
1,2026-03-01 00:30:00+00:00,200000004,12.494023733333334,45.85302586666667,1.8285997,0.11409263,0.0014353,0.0172254,3.4902303,1.090316669200547,False
9,2026-03-01 04:30:00+00:00,200000015,12.728086733333331,45.638857,1.548646,0.19819908,2.276306e-05,0.00029036627,3.682164,1.0858644269512296,False
8,2026-03-01 04:00:00+00:00,200000025,12.6988744,44.67220426666667,1.3704181,0.010258258,0.009456351,0.0008435244,3.9897873,1.0761527092079632,False
3,2026-03-01 01:30:00+00:00,200000006,13.0829676,44.8336946,1.480868,0.032511376,0.020969458,0.009220644,3.6430619,1.0373262671753765,False
9,2026-03-01 04:30:00+00:00,200000012,12.561303866666666,43.90362433333333,0.020877197,0.0052827587,0.0033708413,0.00030944627,5.011613,1.008290627162205,False
0,2026-03-01 00:00:00+00:00,200000035,12.542659533333332,45.69860993333334,0.9216397,0.06265196,0.08746531,0.059826534,3.9047732,1.007271344214678,False
9,2026-03-01 04:30:00+00:00,200000025,12.772335333333332,44.71618113333333,1.2634345,0.0012917377,0.017933417,0.014711842,3.7254841,1.0045711317565291,False
2,2026-03-01 01:00:00+00:00,200000039,13.062745066666668,45.231914,3.5810814,0.11758013,0.021711174,0.0023126602,1.2742522,0.9993875063955784,False
10,2026-03-01 05:00:00+00:00,200000035,13.075578,46.38573326666666,0.9364461,0.0021906935,0.00821119,0.019064326,4.0229926,0.9977809781674296,False
10,2026-03-01 05:00:00+00:00,200000015,12.7119792,45.77203793333333,1.4117451,0.08129488,0.0012256788,0.002677156,3.4884498,0.9970785194775089,False
11,2026-03-01 05:30:00+00:00,200000006,12.969888533333334,45.49043313333333,1.0325582,0.19920059,0.03176289,0.0015689216,3.593832,0.9717845232691615,False
11,2026-03-01 05:30:00+00:00,200000008,12.818757666666666,44.3397038,0.54026324,0.037481606,0.0007058077,0.005849765,4.223523,0.9615647108759731,False
2,2026-03-01 01:00:00+00:00,200000026,12.2370616,44.3439512,1.2075913,0.0002638896,0.050234225,0.002571689,3.5110998,0.9543521827668883,False
1,2026-03-01 00:30:00+00:00,200000032,12.826208066666668,44.496872466666666,0.018868353,0.029858986,0.00020274652,0.0005935743,4.7111316,0.9521310465381247,False
11,2026-03-01 05:30:00+00:00,200000024,12.794242533333334,44.29080006666666,0.2345666,8.944992e-05,0.0048214346,0.0042230412,4.466105,0.9419611018369324,False
11,2026-03-01 05:30:00+00:00,200000035,13.135911933333334,46.449785866666666,1.0831655,0.018782655,0.0048460457,0.039829753,3.5322547,0.9357757352292537,False
1,2026-03-01 00:30:00+00:00,200000039,13.171616066666669,45.098849,3.675845,1.0864223e-05,0.05254554,0.023700874,0.80436414,0.9112932662239472,False
8,2026-03-01 04:00:00+00:00,200000024,12.703353066666669,44.58991313333333,0.17458531,0.0005433939,0.0127766505,0.0021802606,4.2853427,0.8950856621842831,False
10,2026-03-01 05:00:00+00:00,200000014,13.072021066666668,46.33444553333334,0.42639902,0.0008471093,0.0007944267,0.021354098,4.0237684,0.8946326162433251,False
4,2026-03-01 02:00:00+00:00,200000029,12.202292933333332,45.54697406666666,2.0192993,0.008690884,0.009665622,0.006535391,2.3996942,0.8887770741246641,False
6,2026-03-01 03:00:00+00:00,200000029,12.218983266666667,45.81164366666667,2.1747642,0.0012096874,0.005943354,0.015663764,2.2006876,0.8796537216752768,False
0,2026-03-01 00:00:00+00:00,200000008,13.106305266666668,45.74815253333334,0.49734917,1.2748067,0.30908203,0.040515136,2.231448,0.8706402026116848,False
5,2026-03-01 02:30:00+00:00,200000036,13.0555338,44.6684508,0.84969836,0.006866581,2.7060445e-05,0.0062636808,3.4128425,0.855139639774643,False
5,2026-03-01 02:30:00+00:00,200000037,12.657290333333334,45.021824333333335,0.41534555,0.003133263,7.3680836e-05,1.1712493,2.6800559,0.8539715241073281,False
7,2026-03-01 03:30:00+00:00,200000023,13.4798576,45.69770106666667,1.1523101,1.7412677,0.9679228,0.0377481,0.36435795,0.8527213335037231,False
8,2026-03-01 04:00:00+00:00,200000038,12.937543266666667,45.35993773333333,2.1578646,1.5864767,0.2503685,0.06439274,0.18437558,0.8486956164240838,False
5,2026-03-01 02:30:00+00:00,200000007,13.068551133333331,44.63912113333333,0.2740693,0.027477467,0.00999109,0.0017605338,3.9022229,0.8431042544078082,False
2,2026-03-01 01:00:00+00:00,200000014,13.156341533333334,45.57176433333333,2.2767224,0.52540314,0.007979679,0.0054823845,1.3863586,0.8403892510570585,False
3,2026-03-01 01:30:00+00:00,200000018,12.495084266666668,44.24500333333334,0.34762025,0.00053816626,0.020698803,0.0024761846,3.8041346,0.8350936019094661,False
0,2026-03-01 00:00:00+00:00,200000017,12.391156866666668,45.6885864,0.18644182,0.10848383,0.0730056,0.06298422,3.737718,0.8337267160415649,False
11,2026-03-01 05:30:00+00:00,200000014,13.060603733333332,46.43015426666667,0.4610696,0.0076997885,0.033407852,0.040324405,3.5527325,0.8190468253567815,False
9,2026-03-01 04:30:00+00:00,200000002,12.693397733333336,44.70034793333333,0.08610898,0.024373176,0.00032957946,0.015303819,3.920072,0.8092375271487982,False
4,2026-03-01 02:00:00+00:00,200000002,12.7557806,45.293493,0.6069934,0.8162296,1.311823,0.018713577,1.165122,0.7837763156741857,False
6,2026-03-01 03:00:00+00:00,200000004,12.482065133333332,45.43169013333333,0.051679756,0.08300525,1.43796,0.006873982,2.3054168,0.7769871678203344,False
0,2026-03-01 00:00:00+00:00,200000019,13.039575,45.7832536,0.0026579374,1.3457714,0.29055747,0.035182774,2.193959,0.7736257229931652,False
3,2026-03-01 01:30:00+00:00,200000025,12.451577266666668,44.32155213333333,0.020579653,0.00017821044,0.00794297,0.002255692,3.7828252,0.7627563513349742,False
8,2026-03-01 04:00:00+00:00,200000039,12.825043266666666,45.54743773333333,2.2299945,0.8773787,0.4922716,0.0397956,0.14911656,0.7577114000916481,False
2,2026-03-01 01:00:00+00:00,200000009,12.274107466666669,44.2759316,0.19550851,0.0015415945,0.06292135,0.002527725,3.51142,0.7547838387079537,False
7,2026-03-01 03:30:00+00:00,200000006,13.063938866666666,45.16874106666667,0.47992235,1.714809,1.2954451,0.021058554,0.23798223,0.7498434323817491,False
5,2026-03-01 02:30:00+00:00,200000029,12.2132812,45.679107,2.3047044,0.018649576,0.03014333,0.004216055,1.3647088,0.7444844339974225,False
3,2026-03-01 01:30:00+00:00,200000014,13.164945266666669,45.66777726666667,1.33912,1.0087414,0.35262486,0.01821838,0.98976195,0.7416933201253414,False
3,2026-03-01 01:30:00+00:00,200000007,13.034766866666669,44.8708066,0.063765794,0.00021375809,0.0032285214,0.009824418,3.629941,0.7413946957327425,False
5,2026-03-01 02:30:00+00:00,200000004,12.4880198,45.51575846666666,0.04565513,0.12420584,1.2663906,0.016161848,2.1538682,0.7212563164532184,False
1,2026-03-01 00:30:00+00:00,200000008,13.077794133333333,45.62028573333334,0.30478802,1.043115,0.18221463,0.023573823,1.9641782,0.7035739406943321,False
1,2026-03-01 00:30:00+00:00,200000017,12.426254266666666,45.77916173333333,0.63219494,0.089568794,0.027466848,0.008533456,2.4606755,0.6436879025772214,False
1,2026-03-01 00:30:00+00:00,200000014,13.148570733333337,45.47568926666667,1.5072039,0.689232,0.05084878,0.0072938753,0.9241244,0.6357406003400683,False
4,2026-03-01 02:00:00+00:00,200000010,12.276094133333334,45.54701593333333,0.876083,0.036154978,0.0022279478,0.007858963,2.249869,0.6344388026278466,False
5,2026-03-01 02:30:00+00:00,200000013,12.307536,44.855800466666665,0.21023326,0.0034469508,0.065204926,1.6053432,1.2172813,0.6203019394073636,False
6,2026-03-01 03:00:00+00:00,200000008,12.9189304,44.986011733333335,0.9530958,0.0014448406,0.002079421,0.87220114,1.2711719,0.6199986254796386,False
7,2026-03-01 03:30:00+00:00,200000028,13.125595666666667,45.90585093333333,0.5981595,1.4508098,0.7055194,0.016244564,0.29683962,0.6135145790874958,False
5,2026-03-01 02:30:00+00:00,200000005,12.545751200000002,46.57057566666666,0.50203216,2.2087377e-06,0.026216049,0.015568542,2.520585,0.6128808041315551,False
5,2026-03-01 02:30:00+00:00,200000008,12.947297866666668,45.113818,0.8868559,0.028410675,0.06760396,0.09463378,1.9445109,0.6044030506163836,False
3,2026-03-01 01:30:00+00:00,200000005,12.515624066666668,46.33389266666666,0.3313412,0.022192063,0.13010153,0.035757422,2.4865847,0.601195377483964,False
0,2026-03-01 00:00:00+00:00,200000028,12.848095266666666,45.1129552,0.024332695,0.028821701,0.009721255,0.020061761,2.8811111,0.5928097113966941,False
2,2026-03-01 01:00:00+00:00,200000003,13.0088644,45.00791533333334,0.9489675,0.007789422,0.03927481,0.035818063,1.9015596,0.5866818808019161,False
6,2026-03-01 03:00:00+00:00,200000002,12.7156528,45.058006,0.21595676,0.0017846401,0.10817194,2.2752993,0.28139615,0.5765217607375235,False
4,2026-03-01 02:00:00+00:00,200000005,12.533147666666668,46.4518826,0.48389706,0.027216274,0.01939494,0.019889344,2.324861,0.5750517334789038,False
0,2026-03-01 00:00:00+00:00,200000022,12.863268066666668,45.104124133333336,0.023911342,0.0004870299,0.022033285,0.022677995,2.754193,0.5646605440182612,False
10,2026-03-01 05:00:00+00:00,200000038,13.078168266666667,45.12556273333333,2.1423798,0.484465,0.029799901,0.004405518,0.11918514,0.5560470649972558,False
8,2026-03-01 04:00:00+00:00,200000015,12.742671,45.5054006,1.6817431,0.78026533,0.13008222,0.02412111,0.12839814,0.5489219881594181,False
5,2026-03-01 02:30:00+00:00,200000031,12.586052866666668,46.519294466666665,0.11534526,0.024662198,0.037435763,0.01546274,2.5201092,0.5426030280068517,False
3,2026-03-01 01:30:00+00:00,200000028,12.943940466666668,45.461468933333336,0.046288725,1.2198466,0.23179327,0.023783881,1.1282629,0.52999507188797,False
0,2026-03-01 00:00:00+00:00,200000014,13.1430034,45.37945846666666,1.3381944,0.5522394,0.10743743,0.0044860453,0.61267203,0.5230058592744171,False
3,2026-03-01 01:30:00+00:00,200000031,12.504401733333331,46.312828,0.04293175,0.0040260567,0.008077818,0.035409346,2.4874146,0.5155719139613211,False
8,2026-03-01 04:00:00+00:00,200000006,13.0404628,45.24905146666666,1.0259167,1.2155143,0.15779878,0.05962946,0.108872294,0.5135463066399097,False
1,2026-03-01 00:30:00+00:00,200000007,13.026428066666666,45.104865933333336,0.4166614,0.005176535,0.080505215,0.05206321,1.9975039,0.5103820499032736,False
3,2026-03-01 01:30:00+00:00,200000008,13.021715866666666,45.36442013333333,0.015241413,0.9282992,0.12424156,0.029732035,1.4333622,0.5061752887442708,False
7,2026-03-01 03:30:00+00:00,200000004,12.468351533333331,45.348302200000006,0.32019556,0.6895107,1.0508745,0.0034940878,0.46237674,0.5052903123665601,False
4,2026-03-01 02:00:00+00:00,200000031,12.547589466666668,46.41509533333333,0.107171185,0.02047177,0.04076837,0.01981358,2.3267534,0.5029956568032503,False
0,2026-03-01 00:00:00+00:00,200000037,12.7641208,45.63275166666666,0.64685804,0.9437331,0.17903802,0.012256565,0.70697147,0.49777143634855747,False
2,2026-03-01 01:00:00+00:00,200000035,12.611003666666669,45.861364,1.5108644,0.017076226,0.0422563,0.050615557,0.8646781,0.497098108753562,False
11,2026-03-01 05:30:00+00:00,200000038,13.148480733333336,45.00837526666667,2.1393883,0.13145912,0.006002987,0.0046734973,0.14545499,0.48539578234776853,False
2,2026-03-01 01:00:00+00:00,200000007,13.028017533333331,44.9877556,0.07291303,0.0028882257,0.033087905,0.030920882,2.2610373,0.4801694781985134,False
5,2026-03-01 02:30:00+00:00,200000024,12.6497194,44.8980968,0.32611054,0.0038450356,0.10967509,1.1539484,0.76575893,0.47186760446056725,False
0,2026-03-01 00:00:00+00:00,200000015,12.813958066666666,44.438044266666665,2.3188362,0.0032137216,0.010230531,0.0003999654,0.0008564987,0.46670738576794973,False
1,2026-03-01 00:30:00+00:00,200000023,13.0794272,45.05135233333333,0.016820036,0.032522447,0.22345072,0.042975973,1.9741724,0.4579883061349392,False
2,2026-03-01 01:00:00+00:00,200000004,12.500531,45.76893806666667,1.5627152,0.005181399,0.017822018,0.01970682,0.67683893,0.4564528686925769,False
6,2026-03-01 03:00:00+00:00,200000030,12.138814666666669,45.8510552,0.0007866941,0.025295567,0.014198679,0.016712848,2.2094576,0.4532902846811339,False
6,2026-03-01 03:00:00+00:00,200000014,13.1428744,45.955817,0.015864545,0.48174927,1.019955,0.020914504,0.70004267,0.44770520403981207,False
3,2026-03-01 01:30:00+00:00,200000023,13.192472400000002,45.2790092,0.03961628,0.7774861,0.16028148,0.00821807,1.1833668,0.43379373792558906,False
3,2026-03-01 01:30:00+00:00,200000029,12.193409666666666,45.414765800000005,2.057095,0.004425849,0.0022424816,0.007502266,0.08809605,0.4318723399657756,False
1,2026-03-01 00:30:00+00:00,200000035,12.570429466666669,45.7828172,1.7006178,0.009224745,1.1491616e-08,0.0018379432,0.4153975,0.4254155970810034,False
6,2026-03-01 03:00:00+00:00,200000006,13.076865266666664,45.085715533333335,0.8791318,0.013292195,0.19687203,0.04696631,0.98058915,0.4233702953904867,False
1,2026-03-01 00:30:00+00:00,200000019,13.0387196,45.90042206666667,0.0097613055,0.83973265,0.21860543,0.013501294,1.0132823,0.41897659488022326,False
5,2026-03-01 02:30:00+00:00,200000010,12.278242466666669,45.62907006666667,0.711869,0.0114818625,0.0008311096,0.005126454,1.3581111,0.4174839141080156,False
7,2026-03-01 03:30:00+00:00,200000029,12.235447466666669,45.94303753333334,1.9412223,0.0219328,0.014391202,0.01831906,0.09062816,0.4172987064346671,False
5,2026-03-01 02:30:00+00:00,200000006,13.082626933333334,45.00192773333333,1.2498854,0.0015265216,0.0327815,0.012275979,0.7635117,0.4119962316239253,False
7,2026-03-01 03:30:00+00:00,200000037,12.5737324,44.72975766666666,0.70380443,2.1102902e-05,0.057758924,0.84945387,0.2870958,0.3796268222980871,False
11,2026-03-01 05:30:00+00:00,200000039,12.614105733333334,45.89900026666667,1.7279986,0.047891285,0.00024580027,0.020985274,0.09281348,0.3779868900834117,False
6,2026-03-01 03:00:00+00:00,200000022,12.726898933333333,44.340486266666666,1.6783884,0.00026287054,0.0005066521,0.16459708,0.013197475,0.37139048681710846,False
2,2026-03-01 01:00:00+00:00,200000015,12.829337733333334,44.706026533333336,1.7988216,7.98913e-05,0.0003590003,0.003326978,0.05029061,0.37057560975808884,False
0,2026-03-01 00:00:00+00:00,200000002,12.8515592,45.7616102,0.029496755,0.7109275,0.26134953,0.02436057,0.8174659,0.3687200482934713,False
11,2026-03-01 05:30:00+00:00,200000010,12.478469933333336,46.06977213333333,1.6763552,0.020706946,0.0037705489,0.029362407,0.09960241,0.3659595105797052,False
2,2026-03-01 01:00:00+00:00,200000031,12.459785666666669,46.21124713333334,0.01299907,0.10636568,0.02400309,0.02878631,1.649781,0.36438702810555695,False
8,2026-03-01 04:00:00+00:00,200000004,12.460294800000002,45.26414366666666,1.3298942,0.22023687,0.039168816,0.006463847,0.22387737,0.3639282172545791,False
1,2026-03-01 00:30:00+00:00,200000029,12.196733133333334,45.1496748,1.8022549,0.0050049825,0.005847969,0.00087207457,0.001018564,0.36299970106920226,False
5,2026-03-01 02:30:00+00:00,200000022,12.744180533333331,44.46882073333334,1.7642703,0.0018621726,0.00047860923,0.02433064,0.02138462,0.36246526937466117,False
2,2026-03-01 01:00:00+00:00,200000005,12.497058399999998,46.21602966666667,0.064799756,0.04592627,0.032626115,0.028564919,1.6387644,0.3621362879872322,False
11,2026-03-01 05:30:00+00:00,200000018,12.273931866666668,43.66188473333333,1.749546,0.021812024,0.007956508,0.00046362297,0.02293993,0.360543626989238,False
0,2026-03-01 00:00:00+00:00,200000029,12.189140666666669,45.017562,1.7921848,0.004081145,0.0024794561,0.00015093893,0.0001643831,0.3598121505609015,False
7,2026-03-01 03:30:00+00:00,200000011,13.588588733333332,45.07094646666667,0.5795164,0.7847388,0.2299819,0.015461647,0.17398624,0.3567369954660535,False
2,2026-03-01 01:00:00+00:00,200000029,12.1940376,45.28227206666667,1.7607509,0.00010745751,8.319006e-06,0.0023394176,0.0027474773,0.35319071222838827,False
10,2026-03-01 05:00:00+00:00,200000010,12.436538,45.9998194,1.6061499,0.0001339792,0.00028880665,0.03221665,0.113558285,0.35046952643606344,False
8,2026-03-01 04:00:00+00:00,200000023,13.5705498,45.786336,0.8477619,0.6109034,0.11565274,0.028353313,0.1150744,0.34354915358126165,False
1,2026-03-01 00:30:00+00:00,200000002,12.8259134,45.644875,7.297699e-05,0.4208479,0.14730519,0.006004913,1.1403512,0.34291642987082016,False
7,2026-03-01 03:30:00+00:00,200000013,12.268153933333334,44.65133453333333,0.19741395,2.471693e-06,0.034206193,1.1423897,0.33882254,0.34256696290526634,False
6,2026-03-01 03:00:00+00:00,200000036,13.106539533333336,44.73604993333333,1.1743958,0.0052051484,0.042964946,0.17008284,0.31617844,0.34176543457433584,False
5,2026-03-01 02:30:00+00:00,200000020,12.6807116,44.8766936,0.04294377,0.044053923,0.0011809715,0.94938284,0.66659194,0.34083068938925865,False
7,2026-03-01 03:30:00+00:00,200000025,12.6352264,44.61390573333333,1.0894164,0.0006253423,0.011896558,0.5339448,0.05077957,0.33733252811944114,False
4,2026-03-01 02:00:00+00:00,200000022,12.7601392,44.59735526666667,1.657757,0.0030645304,0.0023708516,6.201041e-06,0.011660507,0.33497182676883314,False
8,2026-03-01 04:00:00+00:00,200000003,13.044406866666666,45.638609800000005,0.00076936703,1.3225992,0.18621655,0.06824346,0.09480367,0.33452644302742557,False
11,2026-03-01 05:30:00+00:00,200000015,12.706617,45.9063024,1.4008595,0.06800439,0.037865534,0.012262959,0.14878517,0.333555506914854,False
2,2026-03-01 01:00:00+00:00,200000008,13.052502266666666,45.49170913333333,0.0009414417,0.34075773,8.1707085e-06,0.001570577,1.2964108,0.32793774321562524,False
9,2026-03-01 04:30:00+00:00,200000004,12.4584692,45.1797974,1.3977847,0.008211112,0.0006743618,0.018486932,0.20842212,0.32671584794297814,False
3,2026-03-01 01:30:00+00:00,200000003,13.018148,45.112811666666666,0.5518226,0.28835383,0.062466364,0.00079694256,0.7199729,0.32468252974795175,False
4,2026-03-01 02:00:00+00:00,200000006,13.083129866666669,44.91779446666667,1.042787,0.08051034,0.23887262,0.014971719,0.23889327,0.3232069807127118,False
8,2026-03-01 04:00:00+00:00,200000029,12.248396866666669,46.07457586666667,1.5709604,3.6008372e-09,0.013017928,0.013666306,0.0015293221,0.31983479242611107,False
10,2026-03-01 05:00:00+00:00,200000018,12.295404066666666,43.73703626666667,1.551865,0.010201788,0.013580783,6.172587e-05,0.014803779,0.31810261153586905,False
7,2026-03-01 03:30:00+00:00,200000009,12.295820933333331,44.79457653333333,0.1463824,1.0980742e-07,0.06634967,1.067353,0.31010842,0.3180387239725917,False
2,2026-03-01 01:00:00+00:00,200000006,13.086671333333332,44.749687,1.3778251,0.022995248,0.0023013365,0.016298778,0.1578949,0.3154630797449499,False
0,2026-03-01 00:00:00+00:00,200000006,13.083998533333332,44.5815916,1.5158358,0.0025984547,0.0012982218,0.0013847736,0.009291517,0.3060817457502708,False
5,2026-03-01 02:30:00+00:00,200000015,12.790466733333334,45.10595073333333,0.7190376,0.08947128,0.0003024255,0.1589365,0.5499253,0.30353462526691144,False
7,2026-03-01 03:30:00+00:00,200000022,12.695584866666668,44.21532706666667,1.4489788,0.041478712,0.00947311,0.008548313,0.00040946496,0.3017776762426365,False
2,2026-03-01 01:00:00+00:00,200000023,13.124730733333331,45.170838466666666,0.013771438,0.0043545975,0.11427781,0.010375262,1.3629845,0.3011527291499078,False
5,2026-03-01 02:30:00+00:00,200000002,12.733552933333334,45.176131733333335,0.38522616,0.053792976,0.39172086,0.4019669,0.24828503,0.2961983844637871,False
5,2026-03-01 02:30:00+00:00,200000016,12.468072933333334,45.801801,0.33005542,0.012141124,0.023296945,0.0058156466,1.0814227,0.2905463635921478,False
1,2026-03-01 00:30:00+00:00,200000037,12.759589866666666,45.500344733333336,0.4962746,0.338734,0.06410284,7.703606e-05,0.54499507,0.2888367080755415,False
9,2026-03-01 04:30:00+00:00,200000010,12.391232,45.9320504,1.3138757,0.022136008,0.003779534,0.02274594,0.07984584,0.2884765993338078,False
2,2026-03-01 01:00:00+00:00,200000028,12.9112748,45.34548393333333,0.20328636,0.09077642,0.0010363138,5.064935e-05,1.1347513,0.2859802137732913,False
8,2026-03-01 04:00:00+00:00,200000022,12.6489056,44.09500786666667,1.4125284,0.014256944,3.6691872e-05,1.2101006e-05,6.0174872e-05,0.2853788614704172,False
9,2026-03-01 04:30:00+00:00,200000036,13.278723533333334,44.92122866666667,1.0328234,0.23144616,0.012122207,0.00036401462,0.15008178,0.28536752215004524,False
1,2026-03-01 00:30:00+00:00,200000003,13.006394733333334,44.902731,0.735123,0.06673324,0.0551415,0.03464798,0.4928908,0.27690730094909666,False
3,2026-03-01 01:30:00+00:00,200000026,12.214882533333334,44.2267732,1.2068846,0.000796227,3.151814e-05,0.00199049,0.1633432,0.27460921273450367,False
6,2026-03-01 03:00:00+00:00,200000010,12.289185933333332,45.71014586666667,0.66189754,6.6182925e-05,0.014689143,0.018000716,0.6635736,0.2716454409761354,False
11,2026-03-01 05:30:00+00:00,200000016,12.691407533333336,46.259040133333336,1.2236924,0.013915604,0.0026521878,0.036078688,0.067446135,0.2687570063397288,False
3,2026-03-01 01:30:00+00:00,200000002,12.780144,45.41041166666666,0.11591387,0.2856521,0.0028295068,0.0038787338,0.93374527,0.2684038949199021,False
8,2026-03-01 04:00:00+00:00,200000036,13.2188086,44.861983933333335,1.0917469,0.15787335,0.011001003,0.0003505164,0.07539892,0.2672741430113092,False
7,2026-03-01 03:30:00+00:00,200000014,13.125479066666664,46.050569333333335,0.30948249,0.6083992,0.24607016,0.007872689,0.16365285,0.26709547992795707,False
9,2026-03-01 04:30:00+00:00,200000029,12.240114866666666,46.20694613333333,1.2795829,0.012904496,0.00010073997,0.012022766,0.029069329,0.26673603779054245,False
10,2026-03-01 05:00:00+00:00,200000036,13.332552333333332,44.98650373333333,0.88028055,0.3061537,0.0059235157,6.1750193e-06,0.12827283,0.26412735821240857,False
11,2026-03-01 05:30:00+00:00,200000004,12.462351866666666,45.011078600000005,1.1225637,0.0132648675,0.0018252471,0.024310382,0.1491999,0.262232823879458,False
8,2026-03-01 04:00:00+00:00,200000011,13.5838236,45.19360986666666,0.5053483,0.6030461,0.037657287,0.025984695,0.12938008,0.2602833006531,False
5,2026-03-01 02:30:00+00:00,200000030,12.1337904,45.75170766666667,0.0029385472,0.026704486,0.0109604085,0.003714411,1.2533559,0.2595347427763045,False
11,2026-03-01 05:30:00+00:00,200000036,13.3821612,45.055253533333335,1.0303167,0.07762243,0.01062824,0.004422608,0.16926743,0.2584514835849404,False
7,2026-03-01 03:30:00+00:00,200000036,13.1599922,44.8016316,1.0856613,0.091712385,0.011565825,0.003336008,0.08368395,0.25519189261831343,False
10,2026-03-01 05:00:00+00:00,200000006,12.989364733333334,45.40876506666667,0.9145966,0.16020773,0.060984068,0.0017639111,0.13381833,0.2542741315672174,False
1,2026-03-01 00:30:00+00:00,200000011,13.492876333333331,44.343288066666666,1.1874572,0.00018680406,0.005706662,0.0012655731,0.05768523,0.25046029455552343,False
4,2026-03-01 02:00:00+00:00,200000004,12.488209866666669,45.60031746666667,0.46507773,0.018105436,0.0013424789,0.014826444,0.7404887,0.24796815901063382,False
2,2026-03-01 01:00:00+00:00,200000019,13.0382172,46.0173612,0.060548052,0.16093075,0.0019996106,0.005004236,1.0096321,0.24762295242398977,False
4,2026-03-01 02:00:00+00:00,200000037,12.6818392,45.111136,0.4478857,0.055741586,0.058123447,0.008093645,0.6674308,0.24745503757148982,False
8,2026-03-01 04:00:00+00:00,200000010,12.350094466666668,45.86160700000001,1.0684108,0.09675581,0.015474453,0.005498348,0.039938293,0.2452155316248536,False
5,2026-03-01 02:30:00+00:00,200000009,12.312204466666666,44.58596786666667,0.00087075756,0.009606896,8.6512606e-05,0.83798766,0.36568138,0.24284664150618482,False
10,2026-03-01 05:00:00+00:00,200000029,12.223891333333334,46.33856266666667,1.0975968,0.031060526,0.0016610384,0.01956769,0.060667917,0.24211078740190714,False
9,2026-03-01 04:30:00+00:00,200000011,13.572102666666666,45.31597373333333,0.48546427,0.47792333,0.06376025,0.01843757,0.15784039,0.24068516306579113,False
9,2026-03-01 04:30:00+00:00,200000023,13.654052066666669,45.882607533333335,0.8735129,0.16971621,0.017896766,0.000106305735,0.12565228,0.2373768975798157,False
10,2026-03-01 05:00:00+00:00,200000004,12.464960733333331,45.09551866666666,1.037758,0.022442386,0.0049438393,0.025488997,0.09403553,0.2369337486103177,False
3,2026-03-01 01:30:00+00:00,200000035,12.659608666666664,45.935070200000006,0.63536435,0.004903066,0.040707197,0.025913827,0.4772203,0.2368217481300235,False
2,2026-03-01 01:00:00+00:00,200000017,12.462639466666667,45.86922833333333,0.4416339,0.03277675,0.04465319,0.032408435,0.632336,0.23676166087388992,False
3,2026-03-01 01:30:00+00:00,200000022,12.779280333333332,44.725431666666665,1.0947633,0.01672481,0.00093799195,0.0040376117,0.0488109,0.23305491836508735,False
10,2026-03-01 05:00:00+00:00,200000016,12.662557533333334,46.178966800000005,1.0645095,0.0028829603,0.02349915,0.024036564,0.048771903,0.23274001758545637,False
11,2026-03-01 05:30:00+00:00,200000025,12.9311122,44.78128686666666,1.0279952,0.0055296333,0.00019893104,0.020407949,0.088404894,0.2285073271166766,False
3,2026-03-01 01:30:00+00:00,200000024,12.626853666666667,45.10486806666667,0.7586234,0.0010803513,0.024490962,0.012786064,0.34250385,0.22789692885708063,False
2,2026-03-01 01:00:00+00:00,200000002,12.7998502,45.5282694,0.08124241,0.1522074,0.00012476258,0.0008454921,0.9039632,0.22767665591964031,False
4,2026-03-01 02:00:00+00:00,200000019,13.060483466666666,46.25072093333333,0.4203902,0.031071778,0.029780462,0.027967231,0.6177116,0.2253842528909445,False
4,2026-03-01 02:00:00+00:00,200000035,12.7114906,46.00645946666667,0.48968035,2.2700135e-06,0.034841467,0.024537517,0.5738583,0.22458398480125652,False
10,2026-03-01 05:00:00+00:00,200000022,12.526233733333331,43.87033766666666,1.0619828,0.0081651155,0.026370598,0.00029677458,0.025944328,0.2245519133808557,False
11,2026-03-01 05:30:00+00:00,200000029,12.205110266666669,46.46985313333333,1.0308542,2.1548945e-05,0.00023134373,0.02018861,0.059411705,0.2221414863022801,False
4,2026-03-01 02:00:00+00:00,200000015,12.816362466666668,44.9743806,0.70317364,0.0008665588,0.007986858,0.005216096,0.384238,0.22029623090056702,False
4,2026-03-01 02:00:00+00:00,200000026,12.190365266666667,44.1101338,1.0526085,0.00882188,0.008166945,1.04769015e-05,0.021408107,0.21820317981528206,False
4,2026-03-01 02:00:00+00:00,200000016,12.437728600000002,45.7222412,0.46025848,0.034829736,0.04224096,0.012583265,0.53956264,0.21789501719176768,False
11,2026-03-01 05:30:00+00:00,200000022,12.458527866666666,43.761192066666666,1.0334996,0.00067494006,0.007931041,0.00068034214,0.044848602,0.21752690471475944,False
7,2026-03-01 03:30:00+00:00,200000020,12.6707546,45.1005614,0.0045309737,0.16429159,0.047640786,0.40199658,0.46808663,0.21730931252241134,False
9,2026-03-01 04:30:00+00:00,200000027,13.5064092,45.0344458,0.19655882,0.6463114,0.05349629,0.021471523,0.16583653,0.21673491224646568,False
3,2026-03-01 01:30:00+00:00,200000021,12.021207533333332,44.33067106666667,0.9096482,0.003208871,0.0017729242,0.0019767655,0.16406389,0.2161341252969578,False
7,2026-03-01 03:30:00+00:00,200000008,12.895837533333331,44.85716766666667,0.9223794,0.009509042,0.00022685858,0.067887165,0.06454032,0.21290855175757314,False
10,2026-03-01 05:00:00+00:00,200000011,13.551094733333334,45.43683133333333,0.51865345,0.3308129,0.03907084,0.0034015183,0.16589208,0.21156615847721696,False
3,2026-03-01 01:30:00+00:00,200000015,12.825529266666669,44.84039526666666,0.9628086,2.2229498e-05,0.00025817478,0.0076794536,0.06922094,0.20799788093281676,False
9,2026-03-01 04:30:00+00:00,200000018,12.319055333333331,43.811505333333336,1.0195298,0.002677042,0.010709297,0.00045739865,0.0027531227,0.20722533595981077,False
2,2026-03-01 01:00:00+00:00,200000010,12.275354599999998,45.38288166666667,1.0009866,0.013468301,0.007556002,0.0029552071,0.0037529245,0.20574380215257407,False
2,2026-03-01 01:00:00+00:00,200000021,12.050889066666668,44.44144486666666,0.842283,0.004711377,0.0017820651,0.0025292684,0.17353559,0.20496826127637177,False
0,2026-03-01 00:00:00+00:00,200000016,12.3356494,45.3990818,0.8689245,0.0020117543,0.048318695,1.5425542e-07,0.09992995,0.20383701070779808,False
4,2026-03-01 02:00:00+00:00,200000024,12.630612533333334,45.00071033333334,0.50910336,0.014520613,0.00066835876,0.00071625155,0.49038634,0.20307898353785275,False
9,2026-03-01 04:30:00+00:00,200000016,12.6302482,46.1000884,0.981679,0.0012714368,0.011004526,0.015405371,0.0043028877,0.20273264877032487,False
5,2026-03-01 02:30:00+00:00,200000035,12.763164866666669,46.07801346666667,0.41593856,0.0113715455,0.008455213,0.019523134,0.55716014,0.20248971767723561,False
10,2026-03-01 05:00:00+00:00,200000027,13.530982466666668,45.12870753333333,0.14956808,0.5828816,0.11434034,0.012227148,0.14636844,0.20107712894678115,False
7,2026-03-01 03:30:00+00:00,200000024,12.687354466666669,44.6930976,0.15126146,0.0004300216,0.047537193,0.642593,0.16118467,0.20060127455508336,False
11,2026-03-01 05:30:00+00:00,200000023,13.8232684,46.07279566666667,0.62672424,0.004319083,0.034352083,0.039432317,0.29571572,0.20010868906974794,False
10,2026-03-01 05:00:00+00:00,200000025,12.852217666666666,44.74741253333333,0.92489123,0.009351469,4.3905193e-06,0.016405374,0.034112442,0.1969529817410148,False
1,2026-03-01 00:30:00+00:00,200000026,12.2639876,44.4600412,0.95330673,0.0043796888,0.0006922347,4.8888705e-05,0.023181984,0.19632190619086032,False
0,2026-03-01 00:00:00+00:00,200000010,12.268667,45.21894973333333,0.97310174,3.8478265e-05,2.2271108e-05,0.0009699286,0.005015646,0.19582961183368752,False
7,2026-03-01 03:30:00+00:00,200000010,12.315590133333334,45.78749813333333,0.80485445,0.037297096,0.00012736669,0.024397608,0.10536658,0.1944086206960492,False
10,2026-03-01 05:00:00+00:00,200000023,13.741387133333337,45.97518213333333,0.6935532,0.03519388,0.0011794951,0.019020723,0.21302922,0.19239530549384654,False
5,2026-03-01 02:30:00+00:00,200000026,12.1733842,43.99209966666667,0.9482255,0.0007022619,0.0078433985,0.0015649424,0.0026161238,0.19219044495839627,False
9,2026-03-01 04:30:00+00:00,200000037,12.4900152,44.479274,0.8342306,0.04929226,0.009444858,0.0054795644,0.054667085,0.1906228736974299,False
3,2026-03-01 01:30:00+00:00,200000010,12.277243266666666,45.4649346,0.8339258,0.0004575164,0.0030320268,0.009180543,0.092263795,0.18777193306013942,False
1,2026-03-01 00:30:00+00:00,200000010,12.2737422,45.300855,0.92971754,0.00051459734,0.00137476,0.0011050166,0.00027165815,0.18659671454806812,False
3,2026-03-01 01:30:00+00:00,200000004,12.49319,45.6847404,0.6285601,0.00018552926,0.0021455707,0.014967672,0.27354527,0.18388083251775242,False
5,2026-03-01 02:30:00+00:00,200000017,12.5289248,46.152789,0.013140436,0.0009808056,0.04636139,0.006352141,0.8430743,0.18198181902989746,False
8,2026-03-01 04:00:00+00:00,200000008,12.878856066666666,44.727324466666666,0.8140483,0.0058357003,0.019627167,0.0012497483,0.055673912,0.17928696358576418,False
11,2026-03-01 05:30:00+00:00,200000011,13.521803066666669,45.55596773333333,0.45420116,0.21336493,0.0013082693,0.001471379,0.21229072,0.1765272916527465,False
1,2026-03-01 00:30:00+00:00,200000028,12.876794,45.2300296,0.12778887,0.023522213,0.028394265,0.015257551,0.6861786,0.17622830513864757,False
6,2026-03-01 03:00:00+00:00,200000026,12.158542133333333,43.87382213333333,0.8669348,0.00077874074,0.0037524516,0.0053891623,5.1726805e-05,0.17538137156225275,False
7,2026-03-01 03:30:00+00:00,200000018,12.3715508,43.95861473333333,0.84198827,0.011618708,0.0077624135,0.0006703394,0.01164055,0.17473605525447056,False
1,2026-03-01 00:30:00+00:00,200000006,13.087543266666668,44.6655952,0.7729639,0.010497245,0.018303411,0.0026821203,0.059913713,0.17287207427434623,False
8,2026-03-01 04:00:00+00:00,200000018,12.344991133333334,43.88516053333333,0.8442751,0.006023355,0.0027132428,0.0006235455,0.0011182133,0.17095069466158747,False
9,2026-03-01 04:30:00+00:00,200000035,13.010865533333334,46.32623633333333,0.81960416,0.005345266,0.016617194,0.0033537052,0.00017449303,0.16901896325289273,False
5,2026-03-01 02:30:00+00:00,200000025,12.5274094,44.47834566666667,0.40127164,1.6797285e-06,0.026371246,0.32638258,0.089341894,0.1686738076796246,False
11,2026-03-01 05:30:00+00:00,200000001,12.667502933333331,43.12307426666667,0.8282679,0.00015554047,0.009618609,4.4036897e-06,0.0019457341,0.16799843197004521,False
4,2026-03-01 02:00:00+00:00,200000036,13.005433466666666,44.60016146666667,0.7822533,0.008931929,0.004449116,0.0023247427,0.04075153,0.16774212894961238,False
2,2026-03-01 01:00:00+00:00,200000037,12.739789866666666,45.36950693333333,0.20911266,0.028925141,0.0136144785,0.0059276493,0.5804957,0.16761512868106365,False
8,2026-03-01 04:00:00+00:00,200000016,12.592020466666666,46.02427433333333,0.7777658,0.0052297297,0.029947763,0.00739675,0.00712176,0.1654923627153039,False
8,2026-03-01 04:00:00+00:00,200000037,12.530449466666663,44.60496186666667,0.69959486,0.008836538,0.0074736583,0.009342805,0.10057883,0.1651653370819986,False
5,2026-03-01 02:30:00+00:00,200000019,13.063601,46.36797646666666,0.26909322,0.007587897,0.00022803212,0.024310373,0.51169133,0.16258216986898333,False
10,2026-03-01 05:00:00+00:00,200000037,12.454326,44.35207653333334,0.7833361,0.023779558,0.00049109507,0.00036127967,0.0020946627,0.16201253969338722,False
2,2026-03-01 01:00:00+00:00,200000011,13.525687533333333,44.46133053333333,0.67807645,0.0040222453,0.0015045372,0.0073907846,0.11752285,0.16170337274670601,False
8,2026-03-01 04:00:00+00:00,200000028,13.165109733333331,46.01971653333333,0.336462,0.32985923,0.05421778,0.011196494,0.07531963,0.16141102463006973,False
0,2026-03-01 00:00:00+00:00,200000018,12.605704666666666,44.4506404,0.7653628,0.0027475383,0.009754081,0.0018194428,0.017936358,0.1595240439521149,False
0,2026-03-01 00:00:00+00:00,200000026,12.297438333333334,44.574395200000005,0.7568894,0.0008574113,0.026317582,0.00092908315,0.0035935158,0.15771739893825726,False
0,2026-03-01 00:00:00+00:00,200000011,13.452273866666667,44.2278228,0.76905036,0.0012615361,0.000808342,8.3830695e-05,0.010162402,0.15627329410490348,False
4,2026-03-01 02:00:00+00:00,200000021,11.999198133333334,44.2181786,0.67754656,0.007762293,0.07217625,8.858578e-05,0.021434436,0.15580162457335972,False
6,2026-03-01 03:00:00+00:00,200000016,12.506357466666666,45.8775696,0.54626703,0.0010215413,0.004697608,0.010086478,0.21604802,0.15562413532752545,False
0,2026-03-01 00:00:00+00:00,200000007,13.026974933333332,45.222000533333336,0.24385712,0.0012065436,0.012492224,0.022789475,0.49597508,0.15526408690493554,False
0,2026-03-01 00:00:00+00:00,200000003,13.001706066666666,44.79757673333334,0.598131,0.04290471,0.0058025224,0.01706934,0.10784892,0.15435129832476377,False
8,2026-03-01 04:00:00+00:00,200000026,12.111079066666669,43.64091206666667,0.7478326,0.015157726,0.0041480223,0.0007669559,0.0007415619,0.15372937240172177,False
7,2026-03-01 03:30:00+00:00,200000026,12.136502266666668,43.7571604,0.76143235,0.00046152843,5.5644123e-05,0.00015801065,0.0014702415,0.15271555486833677,False
1,2026-03-01 00:30:00+00:00,200000016,12.3495458,45.483279,0.7390281,0.0023078162,0.0017565262,0.00050895545,0.019548794,0.1526300376513973,False
3,2026-03-01 01:30:00+00:00,200000037,12.712407066666666,45.239946,0.0791909,0.049713604,0.0002450929,8.684451e-06,0.63255996,0.15234364780753823,False
7,2026-03-01 03:30:00+00:00,200000002,12.701940066666667,44.9392764,0.1098086,3.7045027e-06,0.024111234,0.40741822,0.21847893,0.15196413876105908,False
11,2026-03-01 05:30:00+00:00,200000027,13.547663666666669,45.2247636,0.20074604,0.3414634,0.015165476,2.7190404e-06,0.18189286,0.1478540967306799,False
6,2026-03-01 03:00:00+00:00,200000005,12.5527158,46.68968873333333,0.6083806,0.01132997,0.00023709782,0.006628368,0.1076041,0.14683603064040654,False
3,2026-03-01 01:30:00+00:00,200000011,13.549678333333333,44.5817628,0.6457972,0.002998329,0.0009373659,0.0048078857,0.0793228,0.14677271475084125,False
8,2026-03-01 04:00:00+00:00,200000035,12.943967133333333,46.269361933333336,0.68446636,0.0126749715,9.0399844e-05,0.0009556992,0.027155539,0.14506859430694022,False
6,2026-03-01 03:00:00+00:00,200000035,12.819336533333336,46.14589766666666,0.41199115,0.041710164,0.060506254,0.01308453,0.19624288,0.1447069963440299,False
5,2026-03-01 02:30:00+00:00,200000011,13.5810202,44.825131733333336,0.3748507,0.032110427,0.021392012,0.0106443055,0.28363702,0.14452689029276372,False
9,2026-03-01 04:30:00+00:00,200000008,12.857555733333331,44.59831893333333,0.59015584,0.015551183,0.0075765415,0.0080550155,0.09873654,0.14401502395048738,False
3,2026-03-01 01:30:00+00:00,200000019,13.051674666666669,46.1338678,0.034010544,0.016987866,0.0018379966,0.019168723,0.64297634,0.14299629477318376,False
10,2026-03-01 05:00:00+00:00,200000001,12.694763066666669,43.20356806666667,0.67881745,0.0034220363,0.008351301,0.00029536005,5.1117306e-05,0.1381874530998175,False
11,2026-03-01 05:30:00+00:00,200000037,12.408037733333334,44.2285314,0.6720766,0.0045418935,0.0035152342,0.00056572794,0.0096037295,0.1380606336053461,False
2,2026-03-01 01:00:00+00:00,200000016,12.371306933333331,45.565507466666666,0.64161015,0.013148241,0.00011628502,0.0047301007,0.029134873,0.13774792907497613,False
2,2026-03-01 01:00:00+00:00,200000022,12.801051266666668,44.8530694,0.37531355,0.02572155,0.034259114,0.02162572,0.21602009,0.13458800539374352,False
6,2026-03-01 03:00:00+00:00,200000018,12.400610733333334,44.031070533333335,0.63740265,0.0059570605,0.0073136063,0.010923102,0.009075892,0.1341344628483057,False
8,2026-03-01 04:00:00+00:00,200000027,13.479489333333332,44.94089626666666,0.16308875,0.38198283,0.007469407,0.006062873,0.11197824,0.13411642145365477,False
4,2026-03-01 02:00:00+00:00,200000011,13.570819733333334,44.7027496,0.5623473,0.0061527956,0.0006320924,0.0076568117,0.09173878,0.13370555510045962,False
1,2026-03-01 00:30:00+00:00,200000022,12.8324348,44.97851126666667,0.013939598,0.005205591,0.03832012,0.03941164,0.5634662,0.13206862844526768,False
0,2026-03-01 00:00:00+00:00,200000012,12.712924133333331,44.82363846666667,0.4110107,0.0007405218,0.041889496,0.015460583,0.17864908,0.12955007930286228,False
7,2026-03-01 03:30:00+00:00,200000035,12.8783182,46.2110694,0.61959726,0.014201042,0.0056121824,0.0005183833,0.004529197,0.12889161218190565,False
1,2026-03-01 00:30:00+00:00,200000020,12.730735533333334,44.43273606666666,0.59799516,0.015148321,3.8188205e-07,0.0005591179,0.027144069,0.12816941035775925,False
4,2026-03-01 02:00:00+00:00,200000017,12.514820266666668,46.056479933333335,0.03133771,0.00016104538,0.01887392,0.015682645,0.55357623,0.1239263100840617,False
9,2026-03-01 04:30:00+00:00,200000026,12.091016933333332,43.5234478,0.60301167,0.002124999,0.0034311481,0.0005098534,0.009115172,0.12363856796873733,False
3,2026-03-01 01:30:00+00:00,200000036,12.9584992,44.5295448,0.5686729,0.010338413,5.741525e-05,0.0027640087,0.035913743,0.12354929501307196,False
10,2026-03-01 05:00:00+00:00,200000008,12.833095933333334,44.46989633333333,0.58656067,0.0006518826,0.0003969177,0.005140124,0.020641658,0.12267824984155595,False
1,2026-03-01 00:30:00+00:00,200000021,12.087549133333336,44.55006993333333,0.57785434,0.0078549925,0.0021221424,7.763977e-05,0.023116743,0.12220517062960426,False
5,2026-03-01 02:30:00+00:00,200000021,11.994858066666666,44.10354353333334,0.5819951,0.004302114,0.0028810804,0.011752234,0.0056698713,0.12132008578628302,False
3,2026-03-01 01:30:00+00:00,200000016,12.4048124,45.64374093333333,0.38370824,0.050309688,0.0010482647,0.0089920405,0.14735824,0.11828329407144338,False
5,2026-03-01 02:30:00+00:00,200000018,12.430300066666666,44.10325973333333,0.5841383,0.0013054273,0.00016311127,0.0052347914,0.00023399807,0.11821512044989504,False
4,2026-03-01 02:00:00+00:00,200000030,12.128707866666668,45.65235773333333,0.00075907214,0.0029732783,0.0091055995,0.007208818,0.56551653,0.1171126598957926,False
8,2026-03-01 04:00:00+00:00,200000020,12.674985,45.21245793333333,0.010308441,0.3415883,0.00058640796,0.012083094,0.20007378,0.11292800190858543,False
4,2026-03-01 02:00:00+00:00,200000013,12.351846933333333,44.95007266666666,0.29665208,0.000117037605,0.04457685,0.0023216004,0.2124414,0.1112217932328349,False
6,2026-03-01 03:00:00+00:00,200000011,13.584109533333333,44.9480704,0.3313123,0.002164713,0.0009393123,0.0011657325,0.21810187,0.11073678613174706,False
11,2026-03-01 05:30:00+00:00,200000032,12.7322484,43.6113882,0.53007656,0.011683987,0.0057030716,0.00020267747,0.0047551626,0.11048429250367917,False
4,2026-03-01 02:00:00+00:00,200000018,12.460404866666666,44.17529253333334,0.5027349,1.9600664e-06,0.022936184,3.2500997e-05,0.0029676305,0.10573463501127663,False
11,2026-03-01 05:30:00+00:00,200000017,12.405423666666668,46.71871213333333,0.40827873,0.009156191,0.018407058,0.012090076,0.06226442,0.1020392956212163,False
7,2026-03-01 03:30:00+00:00,200000016,12.547901266666669,45.9517414,0.47537702,0.0033728401,0.007912496,0.015418164,0.004623508,0.10134080639109015,False
3,2026-03-01 01:30:00+00:00,200000017,12.492529066666666,45.961655400000005,0.042744726,0.05562151,0.026555862,0.02645242,0.35250077,0.10077505670487881,False
7,2026-03-01 03:30:00+00:00,200000027,13.448247933333333,44.84877766666667,0.24786429,0.14838938,0.005752728,0.00037281372,0.09261725,0.09899929355597123,False
0,2026-03-01 00:00:00+00:00,200000032,12.852041133333334,44.583341866666665,0.47997537,0.0026424094,0.0044907406,9.607699e-05,0.0028102673,0.09800297336332733,False
8,2026-03-01 04:00:00+00:00,200000014,13.106529066666669,46.14504506666667,0.28530782,0.16758186,0.033982143,0.0010671169,0.0020049296,0.09798877402208746,False
6,2026-03-01 03:00:00+00:00,200000021,11.996353733333333,43.98871186666667,0.4698763,0.0019789499,0.00055185554,0.0063436762,2.3170856e-05,0.09575478837687115,False
2,2026-03-01 01:00:00+00:00,200000024,12.626144933333334,45.2092596,0.3157595,0.008127527,0.005351122,0.007364797,0.13706854,0.09473429918289185,False
10,2026-03-01 05:00:00+00:00,200000026,12.082782866666667,43.404552933333335,0.45455867,0.0017131618,0.0074467515,8.976885e-07,0.007896244,0.09432314501808606,False
11,2026-03-01 05:30:00+00:00,200000028,13.2961718,46.3561682,0.13722315,0.00010250952,0.035004947,0.04860299,0.24897419,0.0939815582256415,False
0,2026-03-01 00:00:00+00:00,200000024,12.6278576,45.41815213333334,0.06500466,0.00021593086,0.01213423,4.9922146e-05,0.3890058,0.09328211089523393,False
7,2026-03-01 03:30:00+00:00,200000005,12.5638308,46.8080962,0.44030717,0.020147432,0.0018026247,0.0015092732,4.349339e-06,0.09275416979889997,False
6,2026-03-01 03:00:00+00:00,200000027,13.4178804,44.75631673333333,0.267895,0.009609549,0.005473431,1.6538914e-05,0.18069108,0.09273712216381683,False
2,2026-03-01 01:00:00+00:00,200000018,12.530834,44.31412606666667,0.34441984,0.00079524255,9.3573544e-05,0.002854754,0.10968495,0.09156967173621525,False
9,2026-03-01 04:30:00+00:00,200000001,12.7222482,43.28396133333333,0.42066324,0.0005220581,0.0012890527,0.0017665863,0.020381074,0.08892440181225539,False
0,2026-03-01 00:00:00+00:00,200000031,12.3888912,46.00101153333333,0.014138302,0.19187023,0.071014844,0.12565416,0.035292145,0.08759393580257893,False
7,2026-03-01 03:30:00+00:00,200000021,11.981394066666669,43.87529366666667,0.4316678,0.00041991423,0.0025994438,0.00018047166,0.0015939231,0.08729231149191037,False
10,2026-03-01 05:00:00+00:00,200000028,13.2479322,46.245919666666666,0.21089832,0.003854381,0.0012946978,0.03636152,0.18364397,0.08721057793591172,False
2,2026-03-01 01:00:00+00:00,200000020,12.730045733333332,44.5447204,0.38485157,1.8061402e-05,0.0071738837,0.0013580468,0.041369237,0.08695416076261608,False
9,2026-03-01 04:30:00+00:00,200000028,13.2041006,46.133826866666666,0.30612284,0.0211301,0.021385962,0.010001322,0.07158469,0.08604498207569122,False
0,2026-03-01 00:00:00+00:00,200000001,12.949515333333332,44.01146393333333,0.40963873,2.1450694e-05,0.004464169,0.00024774022,0.013768962,0.08562821085361065,False
0,2026-03-01 00:00:00+00:00,200000020,12.722032133333332,44.321108800000005,0.3801487,0.00882916,0.029833058,0.00025781445,3.1906247e-06,0.08381438629021432,False
9,2026-03-01 04:30:00+00:00,200000020,12.6820952,45.3241776,0.01889529,0.15017657,0.008710129,0.00081142347,0.22663417,0.08104551756987348,False
0,2026-03-01 00:00:00+00:00,200000033,13.048200066666668,44.686826933333336,0.3703857,0.00073214533,0.007984216,0.0017948553,0.020323593,0.08024410331854596,False
10,2026-03-01 05:00:00+00:00,200000017,12.4322866,46.6252888,0.37001666,2.0619107e-06,0.0010095283,0.003001314,0.026702635,0.08014644066984147,False
8,2026-03-01 04:00:00+00:00,200000001,12.748116666666666,43.36492333333333,0.37982053,0.002034845,0.009951807,0.0018183155,0.00484522,0.07969414258841426,False
6,2026-03-01 03:00:00+00:00,200000019,13.071688066666669,46.4850264,0.2422314,0.0029029355,0.004202599,0.008270262,0.13916802,0.07935504387132823,False
1,2026-03-01 00:30:00+00:00,200000018,12.5663438,44.383444266666665,0.38468683,0.00023889319,0.0034601635,4.4613847e-05,0.004615446,0.0786091888534429,False
10,2026-03-01 05:00:00+00:00,200000020,12.683226933333334,45.43624573333333,0.052736025,0.15684222,0.008371713,0.004441794,0.16911298,0.07830094583332539,False
8,2026-03-01 04:00:00+00:00,200000021,11.955331333333334,43.763521866666665,0.37489325,0.00025188545,0.0093884785,0.00058518804,0.00077046367,0.07717785274144262,False
10,2026-03-01 05:00:00+00:00,200000032,12.728572333333334,43.701654866666665,0.3424255,0.013216425,0.015771743,2.5608379e-06,0.009473333,0.07617791140055488,False
7,2026-03-01 03:30:00+00:00,200000001,12.780478866666666,43.4432118,0.36850455,9.450559e-05,0.0118384175,5.2088224e-05,4.1887444e-05,0.07610629055780009,False
0,2026-03-01 00:00:00+00:00,200000021,12.124172533333333,44.65872693333333,0.35922426,0.00598463,0.011576254,0.00059555017,5.394933e-05,0.07548692864875192,False
11,2026-03-01 05:30:00+00:00,200000026,12.086444533333331,43.28536713333334,0.36103404,0.004844328,0.0015651927,8.8582274e-05,0.0061458056,0.07473558883502847,False
11,2026-03-01 05:30:00+00:00,200000030,12.135550866666668,46.3473444,0.24554677,0.00010618386,0.04042499,0.020017847,0.059411194,0.0731013979864656,False
11,2026-03-01 05:30:00+00:00,200000020,12.691981933333333,45.547951600000005,0.053247143,0.111611545,0.0021693273,0.00960408,0.1865245,0.07263131802901626,False
11,2026-03-01 05:30:00+00:00,200000019,13.042868133333334,47.06908126666666,0.047429163,0.060690265,0.08814906,0.015127386,0.15060975,0.07240112479776144,False
8,2026-03-01 04:00:00+00:00,200000013,12.260806666666667,44.5469394,0.20772846,0.013585139,0.0019145778,0.010785143,0.12682064,0.07216679179109634,False
3,2026-03-01 01:30:00+00:00,200000009,12.2978234,44.3778158,0.2033922,0.0016845742,0.0038966483,0.0013994292,0.1430612,0.0706868100212887,False
8,2026-03-01 04:00:00+00:00,200000009,12.280308866666669,44.8980898,0.16465716,0.015562593,0.004711858,0.007480129,0.15457726,0.06939779920503497,False
9,2026-03-01 04:30:00+00:00,200000021,11.931832933333334,43.65122039999999,0.27062944,0.060633656,0.00349881,0.0005127215,0.008218183,0.06869856123812497,False
0,2026-03-01 00:00:00+00:00,200000025,12.338879666666664,44.085952733333336,0.32562304,0.0063942242,0.0045125987,0.00037947972,0.00048601953,0.06747907153330743,False
9,2026-03-01 04:30:00+00:00,200000014,13.086858133333331,46.239337866666666,0.3254734,0.0020617046,0.0005467601,0.004134965,0.0013061488,0.06670459533343091,False
0,2026-03-01 00:00:00+00:00,200000036,12.834253866666668,44.307940466666665,0.32624373,7.885527e-05,0.005316806,9.7060205e-05,0.0003865928,0.06642460853763624,False
6,2026-03-01 03:00:00+00:00,200000007,13.090111466666666,44.52403613333333,0.2541598,0.018063555,0.0011626268,0.007375576,0.050701242,0.06629256149753929,False
11,2026-03-01 05:30:00+00:00,200000005,12.757579733333332,47.24026573333333,0.11236524,7.645965e-05,0.05257073,0.015086093,0.15059291,0.0661382859427249,False
0,2026-03-01 00:00:00+00:00,200000023,13.058012666666666,44.92476813333334,0.019046273,0.010412957,0.07420916,0.024153054,0.20050432,0.06566515248268842,False
11,2026-03-01 05:30:00+00:00,200000009,12.218040733333334,45.204895666666665,0.014491789,0.11967056,0.015558095,0.012565048,0.16293654,0.06504440661519766,False
6,2026-03-01 03:00:00+00:00,200000012,12.5480494,44.21703973333333,0.15510319,0.016732646,0.0041416916,0.14362137,7.487415e-05,0.06393475476797902,False
2,2026-03-01 01:00:00+00:00,200000036,12.912062133333333,44.45863366666666,0.26147094,0.025747506,0.0036104792,0.0019431437,0.024201479,0.06339471025858075,False
1,2026-03-01 00:30:00+00:00,200000005,12.4830822,46.09757653333334,0.03382615,0.11733453,0.0050969752,0.0140769575,0.1417826,0.06242344183847308,False
10,2026-03-01 05:00:00+00:00,200000030,12.1460088,46.248589,0.21696694,0.004737536,0.007426202,0.020175861,0.062200673,0.06230144277215004,False
10,2026-03-01 05:00:00+00:00,200000003,13.050776133333333,45.8490982,0.022068998,0.08875209,0.016354844,0.008031631,0.17522597,0.06208670735359192,False
2,2026-03-01 01:00:00+00:00,200000001,12.909587866666667,43.8461298,0.14840427,0.010101023,0.024240457,0.004908642,0.122505486,0.06203197557479143,False
6,2026-03-01 03:00:00+00:00,200000001,12.8183064,43.5190616,0.30066586,0.0003586593,4.4773988e-05,0.002869135,0.002366332,0.061260951161966656,False
3,2026-03-01 01:30:00+00:00,200000034,12.182450733333331,43.88610066666667,0.13335066,0.000362364,0.0048411405,0.003060764,0.1590722,0.06013742585200817,False
1,2026-03-01 00:30:00+00:00,200000031,12.420537066666666,46.10749740000001,0.033880636,0.10761345,0.0010202283,0.014322294,0.14148363,0.05966404895298183,False
9,2026-03-01 04:30:00+00:00,200000024,12.732131066666666,44.489796133333336,0.18844348,0.008235391,0.0073216194,0.0053204596,0.08679032,0.05922225508838892,False
11,2026-03-01 05:30:00+00:00,200000003,13.062533533333331,45.95364693333333,0.03183456,0.059256405,0.0036354072,0.025209084,0.17570116,0.05912732272408903,False
5,2026-03-01 02:30:00+00:00,200000027,13.389630866666666,44.66323766666667,0.13696533,0.00340043,0.0036947741,0.0068714074,0.14300431,0.05878725182265043,False
9,2026-03-01 04:30:00+00:00,200000009,12.263245066666666,45.0013404,0.0969942,0.013577078,0.0058832057,0.018971384,0.15616605,0.05831838250160217,False
9,2026-03-01 04:30:00+00:00,200000003,13.0450602,45.74395273333334,0.013190762,0.17672616,0.0077513373,0.0014493383,0.08943887,0.057711294130422176,False
9,2026-03-01 04:30:00+00:00,200000013,12.2577152,44.44227846666667,0.1684591,0.00915069,0.0055889534,0.0037853108,0.09031639,0.055460089910775424,False
3,2026-03-01 01:30:00+00:00,200000013,12.403078533333334,45.0405634,0.17874186,0.00058621314,0.0027860652,0.006941938,0.08681632,0.055174478387925774,False
9,2026-03-01 04:30:00+00:00,200000017,12.462593733333334,46.5330622,0.24775638,0.0067886394,0.015261936,0.0003712025,0.0012262121,0.05428087337058969,False
6,2026-03-01 03:00:00+00:00,200000031,12.621159666666667,46.624745,0.15095311,0.0041101393,0.00013674996,0.006560561,0.10760488,0.053873089543776585,False
8,2026-03-01 04:00:00+00:00,200000005,12.599695333333331,46.92141566666667,0.24120179,0.0009363087,0.005671596,0.0001234966,0.016488006,0.05288423919701017,False
2,2026-03-01 01:00:00+00:00,200000034,12.177037266666668,43.986058400000005,0.06140593,0.0014605853,0.021245807,0.00270049,0.17720577,0.052803716901689765,False
1,2026-03-01 00:30:00+00:00,200000001,12.9267016,43.929465,0.17973489,0.0020228415,0.007071265,0.0020019398,0.0657692,0.051320027001202105,False
4,2026-03-01 02:00:00+00:00,200000007,13.049086533333334,44.7546022,0.19152409,0.004996036,0.0017075095,0.0064566657,0.046951976,0.05032725508790463,False
9,2026-03-01 04:30:00+00:00,200000032,12.725961333333334,43.79198766666666,0.22640572,0.003136844,0.014953799,0.0007461167,0.0055240765,0.050153312121983616,False
10,2026-03-01 05:00:00+00:00,200000024,12.766799733333333,44.39150526666666,0.20084885,0.029010426,0.010048937,0.0030366033,0.007099635,0.050008889846503736,False
7,2026-03-01 03:30:00+00:00,200000019,13.078348733333334,46.60215066666667,0.20436545,0.010957881,0.027927395,0.0018729754,0.0030899271,0.04964272510260344,False
4,2026-03-01 02:00:00+00:00,200000027,13.360293,44.570524,0.13070089,0.014386566,0.015210619,0.0060752477,0.079713315,0.04921732684597373,False
3,2026-03-01 01:30:00+00:00,200000001,12.891929933333332,43.762833066666666,0.10299488,0.0017466041,0.0001060052,0.004901007,0.13489977,0.04892965258914046,False
5,2026-03-01 02:30:00+00:00,200000001,12.8482392,43.59844966666667,0.22100876,0.006459348,0.0006457853,4.7586887e-05,0.014375493,0.04850739514804445,False
4,2026-03-01 02:00:00+00:00,200000020,12.692661533333334,44.76536546666667,0.0014328837,0.012187007,0.072329365,0.0005025549,0.15109201,0.04750876358011737,False
5,2026-03-01 02:30:00+00:00,200000012,12.568414466666669,44.320071133333336,0.19761978,0.00059459143,0.010859949,0.024090718,2.989784e-05,0.04663898744584003,False
4,2026-03-01 02:00:00+00:00,200000001,12.872532266666669,43.679925,0.18562117,0.0005831109,0.0076289102,0.0014848954,0.03413248,0.045890113862697035,False
2,2026-03-01 01:00:00+00:00,200000025,12.415221733333334,44.24238146666666,0.0630188,0.0046128794,0.00082254736,0.0031792882,0.15709245,0.04574519316665828,False
0,2026-03-01 00:00:00+00:00,200000013,12.537850466666669,45.322669733333335,0.04131149,0.0021120512,0.02129144,0.007125513,0.15490139,0.04534837626852095,False
11,2026-03-01 05:30:00+00:00,200000031,12.826905733333332,47.138785,0.0021826343,0.0332591,0.023229776,0.015037579,0.1504733,0.04483647751621902,False
3,2026-03-01 01:30:00+00:00,200000027,13.321327933333333,44.4817236,0.09049326,0.0071966094,0.035229087,0.0051006544,0.078892455,0.04338241340592504,False
7,2026-03-01 03:30:00+00:00,200000007,13.1109306,44.40879666666667,0.1888676,0.0040765125,0.007230773,0.0011033955,0.012585541,0.042772764223627746,False
6,2026-03-01 03:00:00+00:00,200000017,12.531461866666666,46.25014993333333,0.02103925,0.009524547,0.00684786,0.010585984,0.16403276,0.04240607945248485,False
8,2026-03-01 04:00:00+00:00,200000007,13.123886733333334,44.292374200000005,0.14488186,0.00015031904,0.03986229,0.0032683883,0.023739463,0.04238046390819363,False
8,2026-03-01 04:00:00+00:00,200000017,12.485787933333334,46.4385062,0.15105538,0.01821899,0.010636166,0.00034908866,0.031364813,0.042324887792347,False
8,2026-03-01 04:00:00+00:00,200000002,12.6966846,44.81988233333333,0.10672683,0.0068258764,0.012040693,6.090048e-05,0.079983704,0.041127601338666865,False
3,2026-03-01 01:30:00+00:00,200000030,12.1200532,45.55324893333333,0.0031188596,0.016642544,0.040605474,0.0075726067,0.13424984,0.04043786423280835,False
1,2026-03-01 00:30:00+00:00,200000025,12.374412733333337,44.165534666666666,0.15594798,0.013932742,0.008713852,0.00015851097,0.020852737,0.03992116504523437,False
9,2026-03-01 04:30:00+00:00,200000030,12.1503372,46.14917726666667,0.131343,0.00807048,0.014964044,0.0131218415,0.031788643,0.03985760323703289,False
3,2026-03-01 01:30:00+00:00,200000012,12.6255088,44.52167533333333,0.10673143,0.0004667348,0.01821021,0.0011993708,0.07245476,0.03981250064680353,False
10,2026-03-01 05:00:00+00:00,200000002,12.683270733333334,44.581261133333335,0.11935651,0.042235117,0.0170492,0.0119623495,0.00802965,0.039726566150784494,False
6,2026-03-01 03:00:00+00:00,200000032,12.712283,44.06265673333333,0.050188553,0.013323909,0.0010301694,0.12937017,0.0028965618,0.039361872058361766,False
10,2026-03-01 05:00:00+00:00,200000005,12.698053466666666,47.13758266666667,0.13158272,0.004298465,0.0008084386,0.003196156,0.056689173,0.03931499087484554,False
3,2026-03-01 01:30:00+00:00,200000020,12.712884533333332,44.65524213333333,0.14773989,8.766696e-06,5.8310084e-06,0.0014886978,0.046250623,0.03909876109855759,False
10,2026-03-01 05:00:00+00:00,200000021,11.907497466666666,43.5390986,0.18325263,0.0001303799,0.0032288975,1.6067668e-07,0.0022628359,0.03777498130400545,False
9,2026-03-01 04:30:00+00:00,200000005,12.6453964,47.03115519999999,0.17498185,0.004312398,0.0025223386,0.00024073521,0.00016297084,0.036444058004417454,False
0,2026-03-01 00:00:00+00:00,200000030,12.0905664,45.2568454,0.07575355,0.0018364241,0.0047966586,0.00068116246,0.097478,0.036109158955514434,False
8,2026-03-01 04:00:00+00:00,200000019,13.073721733333334,46.71906346666666,0.15116207,0.0021439586,0.013821562,0.000117893964,0.012326532,0.035914403885544746,False
8,2026-03-01 04:00:00+00:00,200000032,12.719472066666668,43.88215326666667,0.13765854,0.039105583,0.0015624932,0.0005651185,0.0005537762,0.035889101459179076,False
9,2026-03-01 04:30:00+00:00,200000007,13.142091533333334,44.1767984,0.12682498,0.00087693613,0.0057360525,0.0027837397,0.038663827,0.03497710605151951,False
11,2026-03-01 05:30:00+00:00,200000021,11.872610266666667,43.43015813333333,0.12467812,0.0013639467,0.027557744,0.00023354549,0.0066793365,0.032102538493927565,False
7,2026-03-01 03:30:00+00:00,200000030,12.141206866666666,45.95048233333333,0.013389905,0.025174526,0.0048029833,0.021707248,0.093332596,0.031681451760232446,False
11,2026-03-01 05:30:00+00:00,200000013,12.2372416,44.23446,0.1397697,0.0016605866,0.001895201,0.00038387062,0.010973195,0.030936511198524384,False
4,2026-03-01 02:00:00+00:00,200000012,12.591362066666669,44.42249626666667,0.1441341,0.00027618164,0.002620161,0.00013946222,0.0041479305,0.03026356793998275,False
1,2026-03-01 00:30:00+00:00,200000009,12.254093066666666,44.1732284,0.120703496,0.0003393731,0.00047090722,0.00013664544,0.026199525,0.029569989404990338,False
4,2026-03-01 02:00:00+00:00,200000025,12.487444933333334,44.401065466666665,0.124568954,0.012855954,0.0011273635,0.0016422189,0.003867136,0.02881232523359358,False
1,2026-03-01 00:30:00+00:00,200000036,12.8695874,44.38516713333333,0.122481994,0.00016240407,5.8201524e-05,0.00057962094,0.018944703,0.028445384783117332,False
2,2026-03-01 01:00:00+00:00,200000027,13.279465533333331,44.3942784,0.015672086,0.004094136,0.043651223,0.0033067814,0.07382812,0.028110469970852137,False
10,2026-03-01 05:00:00+00:00,200000013,12.2518744,44.33798693333333,0.13472693,0.00028123657,0.0007201361,0.0022948598,0.0011273285,0.02783009753911756,False
10,2026-03-01 05:00:00+00:00,200000019,13.045348933333331,46.951837266666665,0.0709626,0.005282826,0.0009118054,0.0031535404,0.05645218,0.0273525906377472,False
7,2026-03-01 03:30:00+00:00,200000032,12.7122214,43.972259,0.11118774,0.0005745448,0.00088366226,0.0013607108,0.020158436,0.02683301904471591,False
11,2026-03-01 05:30:00+00:00,200000002,12.668136333333331,44.46272926666666,0.06959703,0.0030880356,0.003942766,0.01039828,0.0466763,0.026740482077002525,False
10,2026-03-01 05:00:00+00:00,200000009,12.24334,45.10393346666667,0.03759725,0.00361475,0.00025119487,0.019038826,0.06215072,0.02453054835787043,False
1,2026-03-01 00:30:00+00:00,200000012,12.692962066666666,44.72042273333333,0.007096298,3.4864126e-05,0.00078972214,0.005254466,0.1092736,0.024489789597282652,False
11,2026-03-01 05:30:00+00:00,200000033,13.081065866666668,43.6163124,0.116347834,0.0025305145,0.0014928015,1.895988e-05,0.000104225386,0.024098867140128277,False
3,2026-03-01 01:30:00+00:00,200000032,12.7690504,44.325743,0.03203254,0.009089465,0.004904047,0.0025170513,0.06766327,0.023241273825988173,False
9,2026-03-01 04:30:00+00:00,200000019,13.0598712,46.835550733333335,0.100441754,0.0009353232,0.0065142475,0.00036610267,0.00016491236,0.021684467917657456,False
11,2026-03-01 05:30:00+00:00,200000007,13.2140488,43.9551006,0.078133285,0.011368342,0.006884188,0.00029491205,0.0076567675,0.020867498853476718,False
10,2026-03-01 05:00:00+00:00,200000007,13.1710952,44.06344786666667,0.08488076,0.00018436687,0.015701681,0.00046297125,0.002975695,0.020841095273499376,False
7,2026-03-01 03:30:00+00:00,200000012,12.540933666666666,44.11226146666666,0.07579685,0.00076276495,0.0017062414,0.007726889,0.014365475,0.020071644033305348,False
2,2026-03-01 01:00:00+00:00,200000033,13.006235333333334,44.49296753333333,0.013672194,0.049815584,0.0021903254,0.0026981975,0.030903574,0.019855975080281495,False
11,2026-03-01 05:30:00+00:00,200000034,12.274004066666668,43.098645000000005,0.07797257,0.010117904,0.0046302527,3.6977883e-05,0.005156292,0.019582799114141382,False
7,2026-03-01 03:30:00+00:00,200000031,12.661020400000002,46.7284172,0.080053374,0.012803059,0.0032246686,0.0018191785,1.16186275e-05,0.019582379778148605,False
2,2026-03-01 01:00:00+00:00,200000032,12.798872533333334,44.41085393333333,0.03694783,0.0018994174,4.1194485e-06,0.0026531636,0.050258268,0.01835255992582461,False
1,2026-03-01 00:30:00+00:00,200000033,13.0262436,44.590100066666665,0.010991209,0.021745862,0.00035571074,0.0024985832,0.053333323,0.017784937797114254,False
10,2026-03-01 05:00:00+00:00,200000033,13.052406266666669,43.71106566666666,0.08479498,0.0015516952,0.0015179904,6.138087e-05,2.222753e-05,0.017589655442134245,False
4,2026-03-01 02:00:00+00:00,200000032,12.741178066666668,44.23997226666667,0.06288912,0.0017566311,0.005530072,7.31274e-05,0.016835345,0.017416859361401294,False
1,2026-03-01 00:30:00+00:00,200000024,12.625978866666664,45.31369253333333,0.043707885,0.003585208,0.0036585205,0.0060338317,0.027988408,0.016994770569726824,False
4,2026-03-01 02:00:00+00:00,200000009,12.311903733333336,44.48126293333333,0.04795023,0.002060364,0.00029290118,0.0053072423,0.026375428,0.016397233167663217,False
2,2026-03-01 01:00:00+00:00,200000012,12.661230466666666,44.62034573333334,0.006366898,0.0014074267,0.006262898,0.00305156,0.06387906,0.016193568031303583,False
8,2026-03-01 04:00:00+00:00,200000030,12.1479582,46.04974146666667,0.044924688,0.014748533,0.0008577988,0.007946221,0.012091966,0.0161138414288871,False
8,2026-03-01 04:00:00+00:00,200000012,12.544004666666666,44.007153,0.0688428,0.0013902312,0.00042715145,0.00021898081,0.0011522485,0.014406282079289668,False
3,2026-03-01 01:30:00+00:00,200000033,12.991015333333332,44.3949004,0.0012445494,0.021852504,0.00021495888,0.001794553,0.044673696,0.013956052385037766,False
4,2026-03-01 02:00:00+00:00,200000034,12.196960733333333,43.787201333333336,0.032621793,0.0020478037,0.006768926,0.00022613702,0.02561342,0.013455615990096703,False
10,2026-03-01 05:00:00+00:00,200000031,12.778324533333334,47.03932546666667,0.00027273493,0.00052828126,0.005027037,0.0031320865,0.05661241,0.013114509888691828,False
0,2026-03-01 00:00:00+00:00,200000027,13.203359133333333,44.21619733333333,0.038884208,0.0004093317,0.011751598,6.979431e-05,0.011633375,0.01254966121778125,False
0,2026-03-01 00:00:00+00:00,200000009,12.2403238,44.06948446666667,0.053887557,0.0015287277,0.0010492129,0.00037557515,0.000446415,0.011457497597439215,False
9,2026-03-01 04:30:00+00:00,200000033,13.031694333333332,43.80807046666667,0.03322524,0.0014672764,0.0018164075,0.001084135,0.019330313,0.011384674138389528,False
1,2026-03-01 00:30:00+00:00,200000027,13.236813533333333,44.307236,0.0026784793,0.0029830902,0.0010945878,0.0016645647,0.047762394,0.011236623208969832,False
10,2026-03-01 05:00:00+00:00,200000012,12.588221933333331,43.80220046666667,0.00093183183,0.011621005,0.0021200299,0.00024229023,0.03742981,0.0104689932835754,False
5,2026-03-01 02:30:00+00:00,200000032,12.718998666666666,44.15264319999999,0.03187008,0.011067907,0.00042487303,0.0066739423,0.000497596,0.01010687939124182,False
1,2026-03-01 00:30:00+00:00,200000034,12.175890266666666,44.08591793333333,0.014904297,0.004459897,0.0052263164,0.000106419764,0.024804512,0.009900288442440796,False
1,2026-03-01 00:30:00+00:00,200000030,12.107184266666668,45.35486246666667,0.038999338,0.0039089886,0.0036151134,0.0011499852,2.8624347e-05,0.009540409857072519,False
8,2026-03-01 04:00:00+00:00,200000031,12.7073586,46.82922353333333,0.016978972,0.010425673,0.0069478513,8.396302e-07,0.012532331,0.00937713329607277,False
2,2026-03-01 01:00:00+00:00,200000013,12.450301466666668,45.133411466666665,0.025170686,0.002463106,0.0061016227,0.0045061526,0.007524089,0.00915313120931387,False
1,2026-03-01 00:30:00+00:00,200000013,12.497011333333337,45.226661666666665,0.0042091697,0.0058820425,0.029606782,0.0014498392,0.0036462676,0.008958820160478354,False
2,2026-03-01 01:00:00+00:00,200000030,12.115818999999998,45.4538526,0.021918982,0.000110037916,0.0038000932,0.0031927314,0.014481153,0.008700599626172334,False
11,2026-03-01 05:30:00+00:00,200000012,12.6261764,43.70445606666667,0.007488712,0.0075504156,0.0057446733,0.00048657536,0.022154467,0.008684968727175146,False
7,2026-03-01 03:30:00+00:00,200000017,12.514899933333334,46.34571986666666,0.019341486,0.0010510309,0.003777191,0.012232972,2.6771736e-06,0.007281071407396667,False
8,2026-03-01 04:00:00+00:00,200000033,13.011514866666666,43.90518753333333,0.023511944,0.001679056,0.0043860655,0.0014832478,0.004811829,0.00717442852910608,False
6,2026-03-01 03:00:00+00:00,200000034,12.235385266666666,43.590766333333335,0.0098587135,0.010493481,0.011178139,0.0021180692,2.3283064e-06,0.006730146054178476,False
5,2026-03-01 02:30:00+00:00,200000034,12.217575666666669,43.6893138,0.025599083,0.0022306438,0.00047982598,0.00018644873,0.00392962,0.006485124307801016,False
10,2026-03-01 05:00:00+00:00,200000034,12.291662733333334,43.19719726666666,0.019703062,0.00020530363,0.010552992,0.00017437132,0.0016207442,0.0064512947108596565,False
5,2026-03-01 02:30:00+00:00,200000033,12.965387333333332,44.1989668,0.003087807,0.0048288293,0.0017295538,0.0006662984,0.020410972,0.006144692038651556,False
6,2026-03-01 03:00:00+00:00,200000033,12.976315466666668,44.1004574,1.3324167e-06,0.018984796,0.0011908414,0.008224747,0.0012948124,0.00593930597817689,False
9,2026-03-01 04:30:00+00:00,200000034,12.2949298,43.29694866666667,0.0001009881,0.009382799,0.0029656023,0.0014910209,0.014826502,0.005753382462717127,False
7,2026-03-01 03:30:00+00:00,200000034,12.253555266666666,43.4923224,0.0027318564,0.00094988325,0.018636407,5.886051e-05,0.0005634005,0.004588081604742911,False
4,2026-03-01 02:00:00+00:00,200000033,12.971631933333333,44.29765893333333,0.0006775968,0.007927502,0.0047343434,0.0012048121,0.007310036,0.004370857984758914,False
7,2026-03-01 03:30:00+00:00,200000033,12.994692533333334,44.00295993333334,0.013548766,0.0064299847,0.000768397,9.670189e-05,3.6052737e-05,0.0041759805193578355,False
0,2026-03-01 00:00:00+00:00,200000034,12.192825133333336,44.18441646666667,0.0014217348,0.0007572422,0.011849196,0.00055656553,1.0716888e-05,0.002919091025069065,False
9,2026-03-01 04:30:00+00:00,200000031,12.747014866666666,46.9327464,0.0024367957,0.0043952917,0.0029773845,0.00036266318,0.00014371748,0.002063170511974022,False
8,2026-03-01 04:00:00+00:00,200000034,12.277674333333334,43.39526626666667,0.0028052991,4.8963488e-05,0.0028878236,0.0013946404,0.0013850135,0.0017043480220308993,False
